Site,Analyte,Sample.Date,ppt,lab.qual
City.of.Graham,4.2,9/18/2019,,0.21
City.of.Randleman,4.2,9/18/2019,,1.38
City.of.Randleman,6.2,9/18/2019,,1.38
City.of.Graham,6.2,9/18/2019,1.48,
City.of.Graham,8.2,9/18/2019,,0.21
City.of.Randleman,8.2,9/18/2019,,1.38
City.of.Graham,HFPO.DA,9/18/2019,,7.33
City.of.Randleman,HFPO.DA,9/18/2019,,7.42
City.of.Graham,N.EtFOSAA,9/18/2019,,0.21
City.of.Randleman,N.EtFOSAA,9/18/2019,,0.212
Wallace.Regional.WWTP,N.EtFOSAA,9/18/2019,,0.239
Town.of.Rose.Hill.WWTP,N.EtFOSAA,9/18/2019,,0.242
City.of.Graham,N.MeFOSAA,9/18/2019,,0.21
City.of.Randleman,N.MeFOSAA,9/18/2019,,0.212
Wallace.Regional.WWTP,N.MeFOSAA,9/18/2019,,0.239
Town.of.Rose.Hill.WWTP,N.MeFOSAA,9/18/2019,0.274,
Town.of.Rose.Hill.WWTP,Nafion.Byproduct.2,9/18/2019,,
City.of.Graham,PFBA,9/18/2019,,0.21
City.of.Randleman,PFBA,9/18/2019,,0.212
Wallace.Regional.WWTP,PFBA,9/18/2019,,0.239
Town.of.Rose.Hill.WWTP,PFBA,9/18/2019,,0.242
City.of.Graham,PFBS,9/18/2019,,0.21
City.of.Randleman,PFBS,9/18/2019,,0.212
Wallace.Regional.WWTP,PFBS,9/18/2019,,0.239
Town.of.Rose.Hill.WWTP,PFBS,9/18/2019,,0.242
Wallace.Regional.WWTP,PFDA,9/18/2019,,0.239
City.of.Graham,PFDA,9/18/2019,2.14,
City.of.Randleman,PFDA,9/18/2019,0.375,
Town.of.Rose.Hill.WWTP,PFDA,9/18/2019,0.3,
City.of.Graham,PFDoA,9/18/2019,,0.21
City.of.Randleman,PFDoA,9/18/2019,,0.212
Wallace.Regional.WWTP,PFDoA,9/18/2019,,0.239
Town.of.Rose.Hill.WWTP,PFDoA,9/18/2019,0.252,
City.of.Graham,PFDS,9/18/2019,,0.21
City.of.Randleman,PFDS,9/18/2019,,0.212
Wallace.Regional.WWTP,PFDS,9/18/2019,,0.239
Town.of.Rose.Hill.WWTP,PFDS,9/18/2019,,0.242
City.of.Graham,PFHpA,9/18/2019,,0.21
City.of.Randleman,PFHpA,9/18/2019,3.79,
Town.of.Rose.Hill.WWTP,PFHpA,9/18/2019,1.56,
Wallace.Regional.WWTP,PFHpA,9/18/2019,2.48,
City.of.Graham,PFHpS,9/18/2019,,0.21
City.of.Randleman,PFHpS,9/18/2019,,0.212
Wallace.Regional.WWTP,PFHpS,9/18/2019,,0.239
Town.of.Rose.Hill.WWTP,PFHpS,9/18/2019,,0.242
Town.of.Rose.Hill.WWTP,PFHxA,9/18/2019,,0.242
City.of.Graham,PFHxA,9/18/2019,0.822,
City.of.Randleman,PFHxA,9/18/2019,9.82,
Wallace.Regional.WWTP,PFHxA,9/18/2019,6.77,
City.of.Graham,PFHxS,9/18/2019,,0.21
City.of.Randleman,PFHxS,9/18/2019,,0.212
Wallace.Regional.WWTP,PFHxS,9/18/2019,,0.239
Town.of.Rose.Hill.WWTP,PFHxS,9/18/2019,,0.242
Town.of.Rose.Hill.WWTP,PFMOAA,9/18/2019,,
Town.of.Rose.Hill.WWTP,PFMOBA,9/18/2019,,
Town.of.Rose.Hill.WWTP,PFMOPrA,9/18/2019,,
City.of.Graham,PFNA,9/18/2019,2.46,
City.of.Randleman,PFNA,9/18/2019,1.5,
Town.of.Rose.Hill.WWTP,PFNA,9/18/2019,0.351,
Wallace.Regional.WWTP,PFNA,9/18/2019,0.506,
City.of.Graham,PFNS,9/18/2019,,0.21
City.of.Randleman,PFNS,9/18/2019,,0.212
Town.of.Rose.Hill.WWTP,PFNS,9/18/2019,,0.24
Wallace.Regional.WWTP,PFNS,9/18/2019,,0.24
Town.of.Rose.Hill.WWTP,PFO2HxA,9/18/2019,,
Town.of.Rose.Hill.WWTP,PFO3OA,9/18/2019,,
Town.of.Rose.Hill.WWTP,PFO4DA,9/18/2019,,
City.of.Graham,PFOA,9/18/2019,8.37,
City.of.Randleman,PFOA,9/18/2019,7.05,
Town.of.Rose.Hill.WWTP,PFOA,9/18/2019,4.36,
Wallace.Regional.WWTP,PFOA,9/18/2019,4.9,
City.of.Graham,PFOS,9/18/2019,9.59,
City.of.Randleman,PFOS,9/18/2019,14.7,
Town.of.Rose.Hill.WWTP,PFOS,9/18/2019,8.74,
Wallace.Regional.WWTP,PFOS,9/18/2019,11.6,
City.of.Graham,PFOSA,9/18/2019,,0.317
City.of.Randleman,PFOSA,9/18/2019,,0.32
Wallace.Regional.WWTP,PFOSA,9/18/2019,,0.362
Town.of.Rose.Hill.WWTP,PFOSA,9/18/2019,,0.365
City.of.Graham,PFPeA,9/18/2019,,0.21
Town.of.Rose.Hill.WWTP,PFPeA,9/18/2019,,0.242
City.of.Randleman,PFPeA,9/18/2019,96,
Wallace.Regional.WWTP,PFPeA,9/18/2019,299,
City.of.Graham,PFPeS,9/18/2019,,0.21
City.of.Randleman,PFPeS,9/18/2019,,0.212
Wallace.Regional.WWTP,PFPeS,9/18/2019,,0.239
Town.of.Rose.Hill.WWTP,PFPeS,9/18/2019,,0.242
Town.of.Rose.Hill.WWTP,PFPrOPrA,9/18/2019,,
City.of.Graham,PFTeA,9/18/2019,,0.21
City.of.Randleman,PFTeA,9/18/2019,,0.212
Wallace.Regional.WWTP,PFTeA,9/18/2019,,0.239
Town.of.Rose.Hill.WWTP,PFTeA,9/18/2019,0.408,
City.of.Randleman,PFTriA,9/18/2019,,0.212
Wallace.Regional.WWTP,PFTriA,9/18/2019,,0.239
Town.of.Rose.Hill.WWTP,PFTriA,9/18/2019,0.218,
City.of.Graham,PFTriA,9/18/2019,0.776,
City.of.Graham,PFUnA,9/18/2019,,0.21
City.of.Randleman,PFUnA,9/18/2019,,0.212
Wallace.Regional.WWTP,PFUnA,9/18/2019,,0.239
Town.of.Rose.Hill.WWTP,PFUnA,9/18/2019,,0.242
Town.of.Burgaw.Collection.System,N.EtFOSAA,9/17/2019,,0.244
East.Burlington.WWTP,N.EtFOSAA,9/17/2019,,1.75
South.Burlington.WWTP,N.EtFOSAA,9/17/2019,,1.82
Fayetteville-Cross.Creek.WWTP,N.EtFOSAA,9/17/2019,,3.48
Fayetteville-Rockfish.Creek.WWTP,N.EtFOSAA,9/17/2019,,3.63
Greensboro-TZ.Osborne.WRF,N.EtFOSAA,9/17/2019,,15
Town.of.Burgaw.Collection.System,N.MeFOSAA,9/17/2019,,0.244
East.Burlington.WWTP,N.MeFOSAA,9/17/2019,,1.75
South.Burlington.WWTP,N.MeFOSAA,9/17/2019,,1.82
Fayetteville-Cross.Creek.WWTP,N.MeFOSAA,9/17/2019,,3.48
Greensboro-TZ.Osborne.WRF,N.MeFOSAA,9/17/2019,,15
Fayetteville-Rockfish.Creek.WWTP,N.MeFOSAA,9/17/2019,,36.3
Town.of.Burgaw.Collection.System,PFBA,9/17/2019,,0.244
East.Burlington.WWTP,PFBA,9/17/2019,,1.75
South.Burlington.WWTP,PFBA,9/17/2019,,1.82
Fayetteville-Cross.Creek.WWTP,PFBA,9/17/2019,12.5,
Fayetteville-Rockfish.Creek.WWTP,PFBA,9/17/2019,5.75,
Greensboro-TZ.Osborne.WRF,PFBA,9/17/2019,13,
Town.of.Burgaw.Collection.System,PFBS,9/17/2019,,0.244
East.Burlington.WWTP,PFBS,9/17/2019,,1.75
South.Burlington.WWTP,PFBS,9/17/2019,,1.82
Fayetteville-Cross.Creek.WWTP,PFBS,9/17/2019,4.3,
Fayetteville-Rockfish.Creek.WWTP,PFBS,9/17/2019,3.79,
Greensboro-TZ.Osborne.WRF,PFBS,9/17/2019,25,
Town.of.Burgaw.Collection.System,PFDA,9/17/2019,,0.244
East.Burlington.WWTP,PFDA,9/17/2019,,1.75
Fayetteville-Cross.Creek.WWTP,PFDA,9/17/2019,1.72,
Fayetteville-Rockfish.Creek.WWTP,PFDA,9/17/2019,1.15,
South.Burlington.WWTP,PFDA,9/17/2019,4.7,
Greensboro-TZ.Osborne.WRF,PFDA,9/17/2019,0.8,
East.Burlington.WWTP,PFDoA,9/17/2019,,1.75
South.Burlington.WWTP,PFDoA,9/17/2019,,1.82
Fayetteville-Rockfish.Creek.WWTP,PFDoA,9/17/2019,,1.82
Greensboro-TZ.Osborne.WRF,PFDoA,9/17/2019,,7.4
Fayetteville-Cross.Creek.WWTP,PFDoA,9/17/2019,0.05,
Town.of.Burgaw.Collection.System,PFDoA,9/17/2019,1.4,
Town.of.Burgaw.Collection.System,PFDS,9/17/2019,,0.244
Fayetteville-Cross.Creek.WWTP,PFDS,9/17/2019,,1.69
East.Burlington.WWTP,PFDS,9/17/2019,,1.75
Fayetteville-Rockfish.Creek.WWTP,PFDS,9/17/2019,,1.76
South.Burlington.WWTP,PFDS,9/17/2019,,1.82
Greensboro-TZ.Osborne.WRF,PFDS,9/17/2019,,7.1
Town.of.Burgaw.Collection.System,PFHpA,9/17/2019,,0.244
East.Burlington.WWTP,PFHpA,9/17/2019,5.39,
South.Burlington.WWTP,PFHpA,9/17/2019,24.7,
Fayetteville-Cross.Creek.WWTP,PFHpA,9/17/2019,14.65,
Fayetteville-Rockfish.Creek.WWTP,PFHpA,9/17/2019,11.35,
Greensboro-TZ.Osborne.WRF,PFHpA,9/17/2019,7.4,
Town.of.Burgaw.Collection.System,PFHpS,9/17/2019,,0.244
Greensboro-TZ.Osborne.WRF,PFHpS,9/17/2019,,1.7
Fayetteville-Rockfish.Creek.WWTP,PFHpS,9/17/2019,,1.72
East.Burlington.WWTP,PFHpS,9/17/2019,,1.75
South.Burlington.WWTP,PFHpS,9/17/2019,,1.82
Fayetteville-Cross.Creek.WWTP,PFHpS,9/17/2019,0.44,
Town.of.Burgaw.Collection.System,PFHxA,9/17/2019,,0.244
East.Burlington.WWTP,PFHxA,9/17/2019,8,
South.Burlington.WWTP,PFHxA,9/17/2019,73.1,
Fayetteville-Cross.Creek.WWTP,PFHxA,9/17/2019,35.25,
Fayetteville-Rockfish.Creek.WWTP,PFHxA,9/17/2019,20.2,
Greensboro-TZ.Osborne.WRF,PFHxA,9/17/2019,18,
Town.of.Burgaw.Collection.System,PFHxS,9/17/2019,,0.244
Fayetteville-Rockfish.Creek.WWTP,PFHxS,9/17/2019,6.33,
East.Burlington.WWTP,PFHxS,9/17/2019,5.1,
South.Burlington.WWTP,PFHxS,9/17/2019,8.92,
Fayetteville-Cross.Creek.WWTP,PFHxS,9/17/2019,20.15,
Greensboro-TZ.Osborne.WRF,PFHxS,9/17/2019,15.3,
East.Burlington.WWTP,PFNA,9/17/2019,,1.75
Greensboro-TZ.Osborne.WRF,PFNA,9/17/2019,,7.4
Fayetteville-Rockfish.Creek.WWTP,PFNA,9/17/2019,0.57,
Town.of.Burgaw.Collection.System,PFNA,9/17/2019,0.802,
South.Burlington.WWTP,PFNA,9/17/2019,6.64,
Fayetteville-Cross.Creek.WWTP,PFNA,9/17/2019,1.67,
Town.of.Burgaw.Collection.System,PFNS,9/17/2019,,0.24
Fayetteville-Cross.Creek.WWTP,PFNS,9/17/2019,,1.67
Greensboro-TZ.Osborne.WRF,PFNS,9/17/2019,,1.7
Fayetteville-Rockfish.Creek.WWTP,PFNS,9/17/2019,,1.74
East.Burlington.WWTP,PFNS,9/17/2019,,1.75
South.Burlington.WWTP,PFNS,9/17/2019,,1.82
Town.of.Burgaw.Collection.System,PFOA,9/17/2019,3.95,
East.Burlington.WWTP,PFOA,9/17/2019,10.8,
South.Burlington.WWTP,PFOA,9/17/2019,29.7,
Fayetteville-Cross.Creek.WWTP,PFOA,9/17/2019,17.1,
Fayetteville-Rockfish.Creek.WWTP,PFOA,9/17/2019,8.11,
Greensboro-TZ.Osborne.WRF,PFOA,9/17/2019,14.9,
Town.of.Burgaw.Collection.System,PFOS,9/17/2019,9.29,
East.Burlington.WWTP,PFOS,9/17/2019,12.5,
South.Burlington.WWTP,PFOS,9/17/2019,23.7,
Fayetteville-Cross.Creek.WWTP,PFOS,9/17/2019,28.3,
Fayetteville-Rockfish.Creek.WWTP,PFOS,9/17/2019,7.7,
Greensboro-TZ.Osborne.WRF,PFOS,9/17/2019,47.1,
Town.of.Burgaw.Collection.System,PFOSA,9/17/2019,,0.369
Fayetteville-Cross.Creek.WWTP,PFOSA,9/17/2019,,1.62
Fayetteville-Rockfish.Creek.WWTP,PFOSA,9/17/2019,,1.69
Greensboro-TZ.Osborne.WRF,PFOSA,9/17/2019,,2.57
East.Burlington.WWTP,PFOSA,9/17/2019,,2.65
South.Burlington.WWTP,PFOSA,9/17/2019,,2.74
Town.of.Burgaw.Collection.System,PFPeA,9/17/2019,,0.244
East.Burlington.WWTP,PFPeA,9/17/2019,,1.75
South.Burlington.WWTP,PFPeA,9/17/2019,,1.82
Fayetteville-Cross.Creek.WWTP,PFPeA,9/17/2019,26.55,
Fayetteville-Rockfish.Creek.WWTP,PFPeA,9/17/2019,24,
Greensboro-TZ.Osborne.WRF,PFPeA,9/17/2019,20,
Town.of.Burgaw.Collection.System,PFPeS,9/17/2019,,0.244
Greensboro-TZ.Osborne.WRF,PFPeS,9/17/2019,,1.7
East.Burlington.WWTP,PFPeS,9/17/2019,,1.75
South.Burlington.WWTP,PFPeS,9/17/2019,,1.82
Fayetteville-Rockfish.Creek.WWTP,PFPeS,9/17/2019,0.76,
Fayetteville-Cross.Creek.WWTP,PFPeS,9/17/2019,1.04,
East.Burlington.WWTP,PFTeA,9/17/2019,,1.75
South.Burlington.WWTP,PFTeA,9/17/2019,,1.82
Greensboro-TZ.Osborne.WRF,PFTeA,9/17/2019,,7.4
Fayetteville-Cross.Creek.WWTP,PFTeA,9/17/2019,,17.4
Fayetteville-Rockfish.Creek.WWTP,PFTeA,9/17/2019,,18.2
Town.of.Burgaw.Collection.System,PFTeA,9/17/2019,1.45,
Town.of.Burgaw.Collection.System,PFTriA,9/17/2019,,0.244
East.Burlington.WWTP,PFTriA,9/17/2019,,1.75
South.Burlington.WWTP,PFTriA,9/17/2019,,1.82
Greensboro-TZ.Osborne.WRF,PFTriA,9/17/2019,,7.4
Fayetteville-Cross.Creek.WWTP,PFTriA,9/17/2019,,17.4
Fayetteville-Rockfish.Creek.WWTP,PFTriA,9/17/2019,,18.2
Town.of.Burgaw.Collection.System,PFUnA,9/17/2019,,0.244
Fayetteville-Cross.Creek.WWTP,PFUnA,9/17/2019,,1.74
East.Burlington.WWTP,PFUnA,9/17/2019,,1.75
South.Burlington.WWTP,PFUnA,9/17/2019,,1.82
Fayetteville-Rockfish.Creek.WWTP,PFUnA,9/17/2019,,1.82
Greensboro-TZ.Osborne.WRF,PFUnA,9/17/2019,,7.4
City.of.Raeford,4.2,9/16/2019,,
City.of.High.Point.Eastside.WWTP,N.EtFOSAA,9/16/2019,,1.7
City.of.Raeford,N.EtFOSAA,9/16/2019,,830
City.of.High.Point.Eastside.WWTP,N.MeFOSAA,9/16/2019,,1.7
City.of.Raeford,N.MeFOSAA,9/16/2019,,830
City.of.High.Point.Eastside.WWTP,PFBA,9/16/2019,,1.7
City.of.Raeford,PFBA,9/16/2019,,17
City.of.High.Point.Eastside.WWTP,PFBS,9/16/2019,,1.7
City.of.Raeford,PFBS,9/16/2019,80.4,
City.of.High.Point.Eastside.WWTP,PFDA,9/16/2019,,1.7
City.of.Raeford,PFDA,9/16/2019,0,
City.of.Raeford,PFDoA,9/16/2019,,420
City.of.High.Point.Eastside.WWTP,PFDS,9/16/2019,,1.7
City.of.Raeford,PFDS,9/16/2019,,170
City.of.Raeford,PFHpA,9/16/2019,4.44,
City.of.High.Point.Eastside.WWTP,PFHpA,9/16/2019,3.7,
City.of.High.Point.Eastside.WWTP,PFHpS,9/16/2019,,1.7
City.of.Raeford,PFHpS,9/16/2019,,170
City.of.High.Point.Eastside.WWTP,PFHxA,9/16/2019,10.8,
City.of.Raeford,PFHxA,9/16/2019,13.2,
City.of.Raeford,PFHxS,9/16/2019,61.8,
City.of.High.Point.Eastside.WWTP,PFHxS,9/16/2019,9.16,
City.of.High.Point.Eastside.WWTP,PFNA,9/16/2019,,1.7
City.of.Raeford,PFNA,9/16/2019,,170
City.of.High.Point.Eastside.WWTP,PFNS,9/16/2019,,1.7
City.of.Raeford,PFNS,9/16/2019,,170
City.of.Raeford,PFOA,9/16/2019,,170
City.of.High.Point.Eastside.WWTP,PFOA,9/16/2019,6.8,
City.of.Raeford,PFOS,9/16/2019,124,
City.of.High.Point.Eastside.WWTP,PFOS,9/16/2019,12.1,
City.of.High.Point.Eastside.WWTP,PFOSA,9/16/2019,,2.57
City.of.Raeford,PFOSA,9/16/2019,,170
City.of.High.Point.Eastside.WWTP,PFPeA,9/16/2019,55,
City.of.Raeford,PFPeA,9/16/2019,10.3,
City.of.High.Point.Eastside.WWTP,PFPeS,9/16/2019,,1.7
City.of.Raeford,PFPeS,9/16/2019,4.67,
City.of.High.Point.Eastside.WWTP,PFTeA,9/16/2019,,1.7
City.of.Raeford,PFTeA,9/16/2019,,170
City.of.High.Point.Eastside.WWTP,PFTriA,9/16/2019,,1.7
City.of.Raeford,PFTriA,9/16/2019,,170
City.of.High.Point.Eastside.WWTP,PFUnA,9/16/2019,,1.7
City.of.Raeford,PFUnA,9/16/2019,,170
City.of.Reidsville,N.EtFOSAA,9/11/2019,,1.69
Town.of.Holly.Springs,N.EtFOSAA,9/11/2019,,10
City.of.Reidsville,N.MeFOSAA,9/11/2019,,1.69
Town.of.Holly.Springs,N.MeFOSAA,9/11/2019,,10
Town.of.Holly.Springs,HFPO.DA,9/11/2019,,10
City.of.Reidsville,PFBA,9/11/2019,,1.69
Town.of.Holly.Springs,PFBA,9/11/2019,8,
City.of.Reidsville,PFBS,9/11/2019,,1.69
Town.of.Holly.Springs,PFBS,9/11/2019,6,
Town.of.Holly.Springs,PFDA,9/11/2019,,5.1
City.of.Reidsville,PFDA,9/11/2019,5.16,
City.of.Reidsville,PFDoA,9/11/2019,,1.69
Town.of.Holly.Springs,PFDoA,9/11/2019,,5.1
City.of.Reidsville,PFDS,9/11/2019,,1.69
Town.of.Holly.Springs,PFDS,9/11/2019,4.9,
Town.of.Holly.Springs,PFHpA,9/11/2019,27,
City.of.Reidsville,PFHpA,9/11/2019,10.6,
City.of.Reidsville,PFHpS,9/11/2019,,1.69
Town.of.Holly.Springs,PFHxA,9/11/2019,37,
City.of.Reidsville,PFHxA,9/11/2019,41.1,
Town.of.Holly.Springs,PFHxDA,9/11/2019,,5.1
City.of.Reidsville,PFHxS,9/11/2019,,1.69
Town.of.Holly.Springs,PFHxS,9/11/2019,,4.8
Town.of.Holly.Springs,PFNA,9/11/2019,,5.1
City.of.Reidsville,PFNA,9/11/2019,2.27,
City.of.Reidsville,PFNS,9/11/2019,,1.69
Town.of.Holly.Springs,PFOA,9/11/2019,10,
City.of.Reidsville,PFOA,9/11/2019,16.7,
Town.of.Holly.Springs,PFODA,9/11/2019,,5.1
Town.of.Holly.Springs,PFOS,9/11/2019,7.6,
City.of.Reidsville,PFOS,9/11/2019,11.3,
City.of.Reidsville,PFOSA,9/11/2019,,2.56
City.of.Reidsville,PFPeA,9/11/2019,,1.69
Town.of.Holly.Springs,PFPeA,9/11/2019,31,
City.of.Reidsville,PFPeS,9/11/2019,,1.69
Town.of.Holly.Springs,PFPrOPrA,9/11/2019,,10
City.of.Reidsville,PFTeA,9/11/2019,,1.69
Town.of.Holly.Springs,PFTeA,9/11/2019,,5.1
City.of.Reidsville,PFTriA,9/11/2019,,1.69
Town.of.Holly.Springs,PFTriA,9/11/2019,,5.1
City.of.Reidsville,PFUnA,9/11/2019,,1.69
Town.of.Holly.Springs,PFUnA,9/11/2019,,5.1
City.of.Mebane.WWTP,N.EtFOSAA,9/10/2019,,5.31
City.of.Mebane.WWTP,N.MeFOSAA,9/10/2019,,5.31
City.of.Mebane.WWTP,PFBA,9/10/2019,,5.31
City.of.Mebane.WWTP,PFBS,9/10/2019,,5.31
City.of.Mebane.WWTP,PFDA,9/10/2019,,5.31
City.of.Mebane.WWTP,PFDoA,9/10/2019,,5.31
City.of.Mebane.WWTP,PFDS,9/10/2019,,5.31
City.of.Mebane.WWTP,PFHpA,9/10/2019,6.86,
City.of.Mebane.WWTP,PFHpS,9/10/2019,,5.31
City.of.Mebane.WWTP,PFHxA,9/10/2019,28,
City.of.Mebane.WWTP,PFHxS,9/10/2019,,5.31
City.of.Mebane.WWTP,PFNA,9/10/2019,,5.31
City.of.Mebane.WWTP,PFNS,9/10/2019,,5.31
City.of.Mebane.WWTP,PFOA,9/10/2019,17.1,
City.of.Mebane.WWTP,PFOS,9/10/2019,14.6,
City.of.Mebane.WWTP,PFOSA,9/10/2019,,5.31
City.of.Mebane.WWTP,PFPeA,9/10/2019,284,
City.of.Mebane.WWTP,PFPeS,9/10/2019,,5.31
City.of.Mebane.WWTP,PFTeA,9/10/2019,,5.31
City.of.Mebane.WWTP,PFTriA,9/10/2019,,5.31
City.of.Mebane.WWTP,PFUnA,9/10/2019,,5.31
Wilmington-James.A.Loughlin(Northside.WWTP,4.2,9/9/2019,,87.3
Wilmington-M'Kean.Maffitt(Southside.WWTP,4.2,9/9/2019,,333
Wilmington-M'Kean.Maffitt(Southside.WWTP,6.2,9/9/2019,,84.1
Wilmington-James.A.Loughlin(Northside.WWTP,6.2,9/9/2019,,88.2
Wilmington-James.A.Loughlin(Northside.WWTP,8.2,9/9/2019,,17.8
Wilmington-M'Kean.Maffitt(Southside.WWTP,8.2,9/9/2019,,85
Wilmington-M'Kean.Maffitt(Southside.WWTP,10.2,9/9/2019,,3.4
Wilmington-James.A.Loughlin(Northside.WWTP,10.2,9/9/2019,,3.57
Wilmington-M'Kean.Maffitt(Southside.WWTP,ADONA,9/9/2019,,1.77
Wilmington-James.A.Loughlin(Northside.WWTP,ADONA,9/9/2019,,1.86
City.of.Durham-South.Durham.Water.Reclamation,HFPO.DA,9/9/2019,,
Wilmington-M'Kean.Maffitt(Southside.WWTP,N.EtFOSA,9/9/2019,,3.54
Wilmington-James.A.Loughlin(Northside.WWTP,N.EtFOSA,9/9/2019,,3.72
Cit.of.Clinton-Norman.H.Larkins.WWTP,N.EtFOSAA,9/9/2019,,1.34
Durham.County.Triangle.Wastewater.Treatment.Plant,N.EtFOSAA,9/9/2019,,1.89
Wilmington-M'Kean.Maffitt(Southside.WWTP,N.EtFOSAA,9/9/2019,,3.54
Wilmington-James.A.Loughlin(Northside.WWTP,N.EtFOSAA,9/9/2019,,3.72
City.of.Durham-South.Durham.Water.Reclamation,N.EtFOSAA,9/9/2019,,4.87
Cit.of.Clinton-Norman.H.Larkins.WWTP,N.MeFOSAA,9/9/2019,,1.34
Durham.County.Triangle.Wastewater.Treatment.Plant,N.MeFOSAA,9/9/2019,,1.89
City.of.Durham-South.Durham.Water.Reclamation,N.MeFOSAA,9/9/2019,,4.87
Wilmington-M'Kean.Maffitt(Southside.WWTP,N.MeFOSAA,9/9/2019,,17.7
Wilmington-James.A.Loughlin(Northside.WWTP,N.MeFOSAA,9/9/2019,,
Wilmington-M'Kean.Maffitt(Southside.WWTP,Nafion.Byproduct.1,9/9/2019,,3.54
Wilmington-James.A.Loughlin(Northside.WWTP,Nafion.Byproduct.1,9/9/2019,,3.72
Wilmington-James.A.Loughlin(Northside.WWTP,Nafion.Byproduct.2,9/9/2019,1.88,
Wilmington-M'Kean.Maffitt(Southside.WWTP,Nafion.Byproduct.2,9/9/2019,2.48,
Wilmington-M'Kean.Maffitt(Southside.WWTP,N.EtFOSE,9/9/2019,,1.77
Wilmington-James.A.Loughlin(Northside.WWTP,N.EtFOSE,9/9/2019,,1.86
Wilmington-M'Kean.Maffitt(Southside.WWTP,N.MeFOSA,9/9/2019,,17.7
Wilmington-James.A.Loughlin(Northside.WWTP,N.MeFOSA,9/9/2019,,18.6
Wilmington-M'Kean.Maffitt(Southside.WWTP,N.MeFOSE,9/9/2019,,8.86
Wilmington-James.A.Loughlin(Northside.WWTP,N.MeFOSE,9/9/2019,,9.29
Wilmington-M'Kean.Maffitt(Southside.WWTP,PF3ONS,9/9/2019,,1.65
Wilmington-James.A.Loughlin(Northside.WWTP,PF3ONS,9/9/2019,,1.73
Wilmington-M'Kean.Maffitt(Southside.WWTP,PF3OUdS,9/9/2019,,3.34
Wilmington-James.A.Loughlin(Northside.WWTP,PF3OUdS,9/9/2019,,3.5
Cit.of.Clinton-Norman.H.Larkins.WWTP,PFBA,9/9/2019,,1.34
City.of.Durham-South.Durham.Water.Reclamation,PFBA,9/9/2019,,4.87
Wilmington-James.A.Loughlin(Northside.WWTP,PFBA,9/9/2019,9.73,
Wilmington-M'Kean.Maffitt(Southside.WWTP,PFBA,9/9/2019,15,
Durham.County.Triangle.Wastewater.Treatment.Plant,PFBA,9/9/2019,44.8,
Cit.of.Clinton-Norman.H.Larkins.WWTP,PFBS,9/9/2019,,1.34
Durham.County.Triangle.Wastewater.Treatment.Plant,PFBS,9/9/2019,,1.89
City.of.Durham-South.Durham.Water.Reclamation,PFBS,9/9/2019,,4.87
Wilmington-James.A.Loughlin(Northside.WWTP,PFBS,9/9/2019,11,
Wilmington-M'Kean.Maffitt(Southside.WWTP,PFBS,9/9/2019,9.18,
City.of.Durham-South.Durham.Water.Reclamation,PFDA,9/9/2019,,0.422
Wilmington-M'Kean.Maffitt(Southside.WWTP,PFDA,9/9/2019,,1.77
Durham.County.Triangle.Wastewater.Treatment.Plant,PFDA,9/9/2019,,1.89
Wilmington-James.A.Loughlin(Northside.WWTP,PFDA,9/9/2019,1.64,
Cit.of.Clinton-Norman.H.Larkins.WWTP,PFDA,9/9/2019,0.452,
Cit.of.Clinton-Norman.H.Larkins.WWTP,PFDoA,9/9/2019,,1.34
Wilmington-M'Kean.Maffitt(Southside.WWTP,PFDoA,9/9/2019,,1.77
Wilmington-James.A.Loughlin(Northside.WWTP,PFDoA,9/9/2019,,1.86
Durham.County.Triangle.Wastewater.Treatment.Plant,PFDoA,9/9/2019,,1.89
City.of.Durham-South.Durham.Water.Reclamation,PFDoA,9/9/2019,,4.87
Cit.of.Clinton-Norman.H.Larkins.WWTP,PFDS,9/9/2019,,1.34
Wilmington-M'Kean.Maffitt(Southside.WWTP,PFDS,9/9/2019,,1.72
Wilmington-James.A.Loughlin(Northside.WWTP,PFDS,9/9/2019,,1.8
Durham.County.Triangle.Wastewater.Treatment.Plant,PFDS,9/9/2019,,1.89
City.of.Durham-South.Durham.Water.Reclamation,PFDS,9/9/2019,,4.87
Wilmington-M'Kean.Maffitt(Southside.WWTP,PFECA.G,9/9/2019,,3.54
Wilmington-James.A.Loughlin(Northside.WWTP,PFECA.G,9/9/2019,,3.72
City.of.Durham-South.Durham.Water.Reclamation,PFHpA,9/9/2019,,4.87
Wilmington-James.A.Loughlin(Northside.WWTP,PFHpA,9/9/2019,7.69,
Wilmington-M'Kean.Maffitt(Southside.WWTP,PFHpA,9/9/2019,7.68,
Cit.of.Clinton-Norman.H.Larkins.WWTP,PFHpA,9/9/2019,4.01,
Durham.County.Triangle.Wastewater.Treatment.Plant,PFHpA,9/9/2019,1.99,
Cit.of.Clinton-Norman.H.Larkins.WWTP,PFHpS,9/9/2019,,1.34
Wilmington-M'Kean.Maffitt(Southside.WWTP,PFHpS,9/9/2019,,1.68
Wilmington-James.A.Loughlin(Northside.WWTP,PFHpS,9/9/2019,,1.76
Durham.County.Triangle.Wastewater.Treatment.Plant,PFHpS,9/9/2019,,1.89
City.of.Durham-South.Durham.Water.Reclamation,PFHpS,9/9/2019,,4.87
City.of.Durham-South.Durham.Water.Reclamation,PFHxA,9/9/2019,,4.87
Wilmington-James.A.Loughlin(Northside.WWTP,PFHxA,9/9/2019,17.6,
Wilmington-M'Kean.Maffitt(Southside.WWTP,PFHxA,9/9/2019,14,
Cit.of.Clinton-Norman.H.Larkins.WWTP,PFHxA,9/9/2019,9.21,
Durham.County.Triangle.Wastewater.Treatment.Plant,PFHxA,9/9/2019,5.73,
Wilmington-M'Kean.Maffitt(Southside.WWTP,PFHxDA,9/9/2019,,8.86
Wilmington-James.A.Loughlin(Northside.WWTP,PFHxDA,9/9/2019,,9.29
Cit.of.Clinton-Norman.H.Larkins.WWTP,PFHxS,9/9/2019,,1.34
Durham.County.Triangle.Wastewater.Treatment.Plant,PFHxS,9/9/2019,,1.89
City.of.Durham-South.Durham.Water.Reclamation,PFHxS,9/9/2019,,4.87
Wilmington-James.A.Loughlin(Northside.WWTP,PFHxS,9/9/2019,4.31,
Wilmington-M'Kean.Maffitt(Southside.WWTP,PFHxS,9/9/2019,4.17,
Wilmington-James.A.Loughlin(Northside.WWTP,PFMOAA,9/9/2019,55.5,
Wilmington-M'Kean.Maffitt(Southside.WWTP,PFMOAA,9/9/2019,69.3,
Wilmington-James.A.Loughlin(Northside.WWTP,PFMOBA,9/9/2019,2.72,
Wilmington-M'Kean.Maffitt(Southside.WWTP,PFMOBA,9/9/2019,2.96,
Wilmington-James.A.Loughlin(Northside.WWTP,PFMOPrA,9/9/2019,17.6,
Wilmington-M'Kean.Maffitt(Southside.WWTP,PFMOPrA,9/9/2019,21.4,
City.of.Durham-South.Durham.Water.Reclamation,PFNA,9/9/2019,,4.87
Wilmington-M'Kean.Maffitt(Southside.WWTP,PFNA,9/9/2019,1.09,
Cit.of.Clinton-Norman.H.Larkins.WWTP,PFNA,9/9/2019,0.503,
Durham.County.Triangle.Wastewater.Treatment.Plant,PFNA,9/9/2019,0.728,
Wilmington-James.A.Loughlin(Northside.WWTP,PFNA,9/9/2019,2.04,
Cit.of.Clinton-Norman.H.Larkins.WWTP,PFNS,9/9/2019,,1.34
Wilmington-M'Kean.Maffitt(Southside.WWTP,PFNS,9/9/2019,,1.7
Wilmington-James.A.Loughlin(Northside.WWTP,PFNS,9/9/2019,,1.78
Durham.County.Triangle.Wastewater.Treatment.Plant,PFNS,9/9/2019,,1.89
City.of.Durham-South.Durham.Water.Reclamation,PFNS,9/9/2019,,4.87
Wilmington-James.A.Loughlin(Northside.WWTP,PFO2HxA,9/9/2019,46.8,
Wilmington-M'Kean.Maffitt(Southside.WWTP,PFO2HxA,9/9/2019,60.8,
Wilmington-James.A.Loughlin(Northside.WWTP,PFO3OA,9/9/2019,19.7,
Wilmington-M'Kean.Maffitt(Southside.WWTP,PFO3OA,9/9/2019,25.3,
Wilmington-James.A.Loughlin(Northside.WWTP,PFO4DA,9/9/2019,5.9,
Wilmington-M'Kean.Maffitt(Southside.WWTP,PFO4DA,9/9/2019,7.9,
Wilmington-James.A.Loughlin(Northside.WWTP,PFOA,9/9/2019,10.9,
Wilmington-M'Kean.Maffitt(Southside.WWTP,PFOA,9/9/2019,6.98,
Cit.of.Clinton-Norman.H.Larkins.WWTP,PFOA,9/9/2019,4.07,
City.of.Durham-South.Durham.Water.Reclamation,PFOA,9/9/2019,5.86,
Durham.County.Triangle.Wastewater.Treatment.Plant,PFOA,9/9/2019,5.92,
Wilmington-James.A.Loughlin(Northside.WWTP,PFOS,9/9/2019,19.3,
Wilmington-M'Kean.Maffitt(Southside.WWTP,PFOS,9/9/2019,11.8,
Cit.of.Clinton-Norman.H.Larkins.WWTP,PFOS,9/9/2019,10.2,
City.of.Durham-South.Durham.Water.Reclamation,PFOS,9/9/2019,8.44,
Durham.County.Triangle.Wastewater.Treatment.Plant,PFOS,9/9/2019,6.89,
Cit.of.Clinton-Norman.H.Larkins.WWTP,PFOSA,9/9/2019,,1.34
Wilmington-M'Kean.Maffitt(Southside.WWTP,PFOSA,9/9/2019,,1.65
Wilmington-James.A.Loughlin(Northside.WWTP,PFOSA,9/9/2019,,1.73
Durham.County.Triangle.Wastewater.Treatment.Plant,PFOSA,9/9/2019,,2.86
City.of.Durham-South.Durham.Water.Reclamation,PFOSA,9/9/2019,,4.87
Durham.County.Triangle.Wastewater.Treatment.Plant,PFPeA,9/9/2019,,1.89
Wilmington-James.A.Loughlin(Northside.WWTP,PFPeA,9/9/2019,20.3,
Wilmington-M'Kean.Maffitt(Southside.WWTP,PFPeA,9/9/2019,18.4,
Cit.of.Clinton-Norman.H.Larkins.WWTP,PFPeA,9/9/2019,115,
City.of.Durham-South.Durham.Water.Reclamation,PFPeA,9/9/2019,205,
Cit.of.Clinton-Norman.H.Larkins.WWTP,PFPeS,9/9/2019,,1.34
Wilmington-M'Kean.Maffitt(Southside.WWTP,PFPeS,9/9/2019,,1.67
Wilmington-James.A.Loughlin(Northside.WWTP,PFPeS,9/9/2019,,1.75
Durham.County.Triangle.Wastewater.Treatment.Plant,PFPeS,9/9/2019,,1.89
City.of.Durham-South.Durham.Water.Reclamation,PFPeS,9/9/2019,,4.87
Wilmington-James.A.Loughlin(Northside.WWTP,PFPrOPrA,9/9/2019,9.81,
Wilmington-M'Kean.Maffitt(Southside.WWTP,PFPrOPrA,9/9/2019,11.8,
Cit.of.Clinton-Norman.H.Larkins.WWTP,PFTeA,9/9/2019,,1.34
Durham.County.Triangle.Wastewater.Treatment.Plant,PFTeA,9/9/2019,,1.89
City.of.Durham-South.Durham.Water.Reclamation,PFTeA,9/9/2019,,4.87
Wilmington-M'Kean.Maffitt(Southside.WWTP,PFTeA,9/9/2019,,8.86
Wilmington-James.A.Loughlin(Northside.WWTP,PFTeA,9/9/2019,,9.29
Cit.of.Clinton-Norman.H.Larkins.WWTP,PFTriA,9/9/2019,,1.34
Wilmington-M'Kean.Maffitt(Southside.WWTP,PFTriA,9/9/2019,,1.77
Wilmington-James.A.Loughlin(Northside.WWTP,PFTriA,9/9/2019,,1.86
Durham.County.Triangle.Wastewater.Treatment.Plant,PFTriA,9/9/2019,,1.89
City.of.Durham-South.Durham.Water.Reclamation,PFTriA,9/9/2019,,4.87
Cit.of.Clinton-Norman.H.Larkins.WWTP,PFUnA,9/9/2019,,1.34
Wilmington-M'Kean.Maffitt(Southside.WWTP,PFUnA,9/9/2019,,1.77
Wilmington-James.A.Loughlin(Northside.WWTP,PFUnA,9/9/2019,,1.86
Durham.County.Triangle.Wastewater.Treatment.Plant,PFUnA,9/9/2019,,1.89
City.of.Durham-South.Durham.Water.Reclamation,PFUnA,9/9/2019,,4.87
Siler.City.Waste.Water.Treatment.Plant,N.EtFOSAA,9/8/2019,,1.68
Siler.City.Waste.Water.Treatment.Plant,N.MeFOSAA,9/8/2019,,1.68
Siler.City.Waste.Water.Treatment.Plant,PFBA,9/8/2019,,1.68
Siler.City.Waste.Water.Treatment.Plant,PFBS,9/8/2019,,1.68
Siler.City.Waste.Water.Treatment.Plant,PFDA,9/8/2019,,1.68
Siler.City.Waste.Water.Treatment.Plant,PFDoA,9/8/2019,,1.68
Siler.City.Waste.Water.Treatment.Plant,PFDS,9/8/2019,,1.68
Siler.City.Waste.Water.Treatment.Plant,PFHpA,9/8/2019,2.05,
Siler.City.Waste.Water.Treatment.Plant,PFHpS,9/8/2019,,1.68
Siler.City.Waste.Water.Treatment.Plant,PFHxA,9/8/2019,6.15,
Siler.City.Waste.Water.Treatment.Plant,PFHxS,9/8/2019,1.46,
Siler.City.Waste.Water.Treatment.Plant,PFNA,9/8/2019,,1.68
Siler.City.Waste.Water.Treatment.Plant,PFNS,9/8/2019,,1.68
Siler.City.Waste.Water.Treatment.Plant,PFOA,9/8/2019,3.71,
Siler.City.Waste.Water.Treatment.Plant,PFOS,9/8/2019,3.89,
Siler.City.Waste.Water.Treatment.Plant,PFOSA,9/8/2019,,2.53
Siler.City.Waste.Water.Treatment.Plant,PFPeA,9/8/2019,,1.68
Siler.City.Waste.Water.Treatment.Plant,PFPeS,9/8/2019,,1.68
Siler.City.Waste.Water.Treatment.Plant,PFTeA,9/8/2019,,1.68
Siler.City.Waste.Water.Treatment.Plant,PFTriA,9/8/2019,,1.68
Siler.City.Waste.Water.Treatment.Plant,PFUnA,9/8/2019,,1.68
City.of.Asheboro.WWTP,HFPO.DA,9/5/2019,,
City.of.Asheboro.WWTP,N.EtFOSAA,9/5/2019,4.09,
City.of.Asheboro.WWTP,N.MeFOSAA,9/5/2019,,1.7
City.of.Asheboro.WWTP,PFBA,9/5/2019,,1.7
City.of.Asheboro.WWTP,PFBS,9/5/2019,,1.7
City.of.Asheboro.WWTP,PFDA,9/5/2019,4.51,
City.of.Asheboro.WWTP,PFDoA,9/5/2019,7.07,
City.of.Asheboro.WWTP,PFDS,9/5/2019,24.4,
City.of.Asheboro.WWTP,PFHpA,9/5/2019,5.95,
City.of.Asheboro.WWTP,PFHpS,9/5/2019,2.03,
City.of.Asheboro.WWTP,PFHxA,9/5/2019,12.4,
City.of.Asheboro.WWTP,PFHxS,9/5/2019,,1.7
City.of.Asheboro.WWTP,PFNA,9/5/2019,3.87,
City.of.Asheboro.WWTP,PFNS,9/5/2019,2.19,
City.of.Asheboro.WWTP,PFOA,9/5/2019,11.7,
City.of.Asheboro.WWTP,PFOS,9/5/2019,19.2,
City.of.Asheboro.WWTP,PFOSA,9/5/2019,,2.57
City.of.Asheboro.WWTP,PFPeA,9/5/2019,,1.7
City.of.Asheboro.WWTP,PFPeS,9/5/2019,,1.7
City.of.Asheboro.WWTP,PFTeA,9/5/2019,11.4,
City.of.Asheboro.WWTP,PFTriA,9/5/2019,7.15,
City.of.Asheboro.WWTP,PFUnA,9/5/2019,5.04,
Town.of.Ramseur.WWTP,4.2,9/4/2019,,1.24
North.Harnett.Regional,4.2,9/4/2019,,1.28
Sanford-Big.Buffalo.Creek.WWTP,4.2,9/4/2019,6.86,
Town.of.Ramseur.WWTP,6.2,9/4/2019,,1.24
North.Harnett.Regional,6.2,9/4/2019,,1.28
Sanford-Big.Buffalo.Creek.WWTP,6.2,9/4/2019,2650,
Town.of.Ramseur.WWTP,8.2,9/4/2019,,1.24
North.Harnett.Regional,8.2,9/4/2019,0.157,
Sanford-Big.Buffalo.Creek.WWTP,8.2,9/4/2019,4.68,
Town.of.Ramseur.WWTP,HFPO.DA,9/4/2019,,43.3
North.Harnett.Regional,HFPO.DA,9/4/2019,,44.91
Sanford-Big.Buffalo.Creek.WWTP,HFPO.DA,9/4/2019,,45.6
Town.of.Ramseur.WWTP,N.EtFOSAA,9/4/2019,,1.24
North.Harnett.Regional,N.EtFOSAA,9/4/2019,,1.28
Sanford-Big.Buffalo.Creek.WWTP,N.EtFOSAA,9/4/2019,,1.3
Cary.Western.Wake.Regional.Water.Reclamation.Facility,N.EtFOSAA,9/4/2019,,9.7
Town.of.Ramseur.WWTP,N.MeFOSAA,9/4/2019,,1.24
North.Harnett.Regional,N.MeFOSAA,9/4/2019,,1.28
Sanford-Big.Buffalo.Creek.WWTP,N.MeFOSAA,9/4/2019,,1.3
Cary.Western.Wake.Regional.Water.Reclamation.Facility,N.MeFOSAA,9/4/2019,,12
Town.of.Ramseur.WWTP,PFBA,9/4/2019,,1.24
Sanford-Big.Buffalo.Creek.WWTP,PFBA,9/4/2019,,1.3
Cary.Western.Wake.Regional.Water.Reclamation.Facility,PFBA,9/4/2019,,39
North.Harnett.Regional,PFBA,9/4/2019,13.2,
Town.of.Ramseur.WWTP,PFBS,9/4/2019,,1.24
North.Harnett.Regional,PFBS,9/4/2019,,1.28
Sanford-Big.Buffalo.Creek.WWTP,PFBS,9/4/2019,,1.3
Cary.Western.Wake.Regional.Water.Reclamation.Facility,PFBS,9/4/2019,,9.7
Town.of.Ramseur.WWTP,PFDA,9/4/2019,,1.24
Sanford-Big.Buffalo.Creek.WWTP,PFDA,9/4/2019,,1.3
Cary.Western.Wake.Regional.Water.Reclamation.Facility,PFDA,9/4/2019,,9.7
North.Harnett.Regional,PFDA,9/4/2019,0.24,
Town.of.Ramseur.WWTP,PFDoA,9/4/2019,,1.24
North.Harnett.Regional,PFDoA,9/4/2019,,1.28
Sanford-Big.Buffalo.Creek.WWTP,PFDoA,9/4/2019,,1.3
Cary.Western.Wake.Regional.Water.Reclamation.Facility,PFDoA,9/4/2019,,9.7
Town.of.Ramseur.WWTP,PFDS,9/4/2019,,1.24
North.Harnett.Regional,PFDS,9/4/2019,,1.28
Sanford-Big.Buffalo.Creek.WWTP,PFDS,9/4/2019,,1.3
Cary.Western.Wake.Regional.Water.Reclamation.Facility,PFDS,9/4/2019,,9.7
Town.of.Ramseur.WWTP,PFHpA,9/4/2019,,1.24
Cary.Western.Wake.Regional.Water.Reclamation.Facility,PFHpA,9/4/2019,,9.7
North.Harnett.Regional,PFHpA,9/4/2019,29.9,
Sanford-Big.Buffalo.Creek.WWTP,PFHpA,9/4/2019,122,
Town.of.Ramseur.WWTP,PFHpS,9/4/2019,,1.24
North.Harnett.Regional,PFHpS,9/4/2019,,1.28
Cary.Western.Wake.Regional.Water.Reclamation.Facility,PFHpS,9/4/2019,,9.7
Sanford-Big.Buffalo.Creek.WWTP,PFHpS,9/4/2019,16.6,
Cary.Western.Wake.Regional.Water.Reclamation.Facility,PFHxA,9/4/2019,14,
North.Harnett.Regional,PFHxA,9/4/2019,36.2,
Town.of.Ramseur.WWTP,PFHxA,9/4/2019,4.64,
Sanford-Big.Buffalo.Creek.WWTP,PFHxA,9/4/2019,61.8,
Town.of.Ramseur.WWTP,PFHxS,9/4/2019,,1.24
North.Harnett.Regional,PFHxS,9/4/2019,,1.28
Cary.Western.Wake.Regional.Water.Reclamation.Facility,PFHxS,9/4/2019,,9.7
Sanford-Big.Buffalo.Creek.WWTP,PFHxS,9/4/2019,21.3,
Town.of.Ramseur.WWTP,PFNA,9/4/2019,,1.24
Cary.Western.Wake.Regional.Water.Reclamation.Facility,PFNA,9/4/2019,,9.7
North.Harnett.Regional,PFNA,9/4/2019,0.94,
Sanford-Big.Buffalo.Creek.WWTP,PFNA,9/4/2019,2.07,
Town.of.Ramseur.WWTP,PFNS,9/4/2019,,1.24
North.Harnett.Regional,PFNS,9/4/2019,,1.28
Sanford-Big.Buffalo.Creek.WWTP,PFNS,9/4/2019,,1.3
Cary.Western.Wake.Regional.Water.Reclamation.Facility,PFNS,9/4/2019,,9.7
Cary.Western.Wake.Regional.Water.Reclamation.Facility,PFOA,9/4/2019,,9.7
North.Harnett.Regional,PFOA,9/4/2019,7.9,
Town.of.Ramseur.WWTP,PFOA,9/4/2019,1.96,
Sanford-Big.Buffalo.Creek.WWTP,PFOA,9/4/2019,11,
Cary.Western.Wake.Regional.Water.Reclamation.Facility,PFOS,9/4/2019,,9.7
North.Harnett.Regional,PFOS,9/4/2019,12.6,
Town.of.Ramseur.WWTP,PFOS,9/4/2019,8.06,
Sanford-Big.Buffalo.Creek.WWTP,PFOS,9/4/2019,1000,
Town.of.Ramseur.WWTP,PFOSA,9/4/2019,,1.24
North.Harnett.Regional,PFOSA,9/4/2019,,1.28
Sanford-Big.Buffalo.Creek.WWTP,PFOSA,9/4/2019,,1.3
Cary.Western.Wake.Regional.Water.Reclamation.Facility,PFOSA,9/4/2019,,9.7
Cary.Western.Wake.Regional.Water.Reclamation.Facility,PFPeA,9/4/2019,18,
North.Harnett.Regional,PFPeA,9/4/2019,139,
Town.of.Ramseur.WWTP,PFPeA,9/4/2019,313,
Sanford-Big.Buffalo.Creek.WWTP,PFPeA,9/4/2019,130,
Town.of.Ramseur.WWTP,PFPeS,9/4/2019,,1.24
North.Harnett.Regional,PFPeS,9/4/2019,,1.28
Sanford-Big.Buffalo.Creek.WWTP,PFPeS,9/4/2019,,1.3
Cary.Western.Wake.Regional.Water.Reclamation.Facility,PFPeS,9/4/2019,,9.7
North.Harnett.Regional,PFTeA,9/4/2019,,1.28
Sanford-Big.Buffalo.Creek.WWTP,PFTeA,9/4/2019,,1.3
Cary.Western.Wake.Regional.Water.Reclamation.Facility,PFTeA,9/4/2019,,9.7
Town.of.Ramseur.WWTP,PFTeA,9/4/2019,,1.24
North.Harnett.Regional,PFTriA,9/4/2019,,1.28
Sanford-Big.Buffalo.Creek.WWTP,PFTriA,9/4/2019,,1.3
Cary.Western.Wake.Regional.Water.Reclamation.Facility,PFTriA,9/4/2019,,9.7
Town.of.Ramseur.WWTP,PFTriA,9/4/2019,,1.24
Town.of.Ramseur.WWTP,PFUnA,9/4/2019,,1.24
North.Harnett.Regional,PFUnA,9/4/2019,,1.28
Sanford-Big.Buffalo.Creek.WWTP,PFUnA,9/4/2019,,1.3
Cary.Western.Wake.Regional.Water.Reclamation.Facility,PFUnA,9/4/2019,,9.7
Northeast.Brunswick.Regional,4.2,9/3/2019,,1.34
Northeast.Brunswick.Regional,6.2,9/3/2019,0.617,
Northeast.Brunswick.Regional,8.2,9/3/2019,1.09,
Northeast.Brunswick.Regional,HFPO.DA,9/3/2019,,46.8
Northeast.Brunswick.Regional,N.EtFOSAA,9/3/2019,,1.34
Northeast.Brunswick.Regional,N.MeFOSAA,9/3/2019,,1.34
Northeast.Brunswick.Regional,PFBA,9/3/2019,,1.34
Northeast.Brunswick.Regional,PFBS,9/3/2019,,1.34
Northeast.Brunswick.Regional,PFDA,9/3/2019,3.27,
Northeast.Brunswick.Regional,PFDoA,9/3/2019,1.02,
Northeast.Brunswick.Regional,PFDS,9/3/2019,,1.34
Northeast.Brunswick.Regional,PFHpA,9/3/2019,18.8,
Northeast.Brunswick.Regional,PFHpS,9/3/2019,,1.34
Northeast.Brunswick.Regional,PFHxA,9/3/2019,29.5,
Northeast.Brunswick.Regional,PFHxS,9/3/2019,,1.34
Northeast.Brunswick.Regional,PFNA,9/3/2019,1.13,
Northeast.Brunswick.Regional,PFNS,9/3/2019,,1.34
Northeast.Brunswick.Regional,PFOA,9/3/2019,11.2,
Northeast.Brunswick.Regional,PFOS,9/3/2019,,1.34
Northeast.Brunswick.Regional,PFOSA,9/3/2019,,1.34
Northeast.Brunswick.Regional,PFPeA,9/3/2019,,1.34
Northeast.Brunswick.Regional,PFPeS,9/3/2019,,1.34
Northeast.Brunswick.Regional,PFTeA,9/3/2019,0.639,
Northeast.Brunswick.Regional,PFTriA,9/3/2019,,1.34
Northeast.Brunswick.Regional,PFUnA,9/3/2019,,1.34
Fayetteville-Rockfish.Creek.WWTP,N.EtFOSAA,8/27/2019,,11.1
Fayetteville-Cross.Creek.WWTP,N.EtFOSAA,8/27/2019,,11.3
Fayetteville-Rockfish.Creek.WWTP,N.MeFOSAA,8/27/2019,,11.1
Fayetteville-Cross.Creek.WWTP,N.MeFOSAA,8/27/2019,,11.3
Fayetteville-Rockfish.Creek.WWTP,PFBA,8/27/2019,7.47,
Fayetteville-Cross.Creek.WWTP,PFBA,8/27/2019,1.58,
Fayetteville-Cross.Creek.WWTP,PFBS,8/27/2019,4.32,
Fayetteville-Rockfish.Creek.WWTP,PFBS,8/27/2019,3.93,
Fayetteville-Cross.Creek.WWTP,PFDA,8/27/2019,0.51,
Fayetteville-Rockfish.Creek.WWTP,PFDA,8/27/2019,0.51,
Fayetteville-Rockfish.Creek.WWTP,PFDoA,8/27/2019,,11.1
Fayetteville-Cross.Creek.WWTP,PFDoA,8/27/2019,,11.3
Fayetteville-Rockfish.Creek.WWTP,PFDS,8/27/2019,,11.1
Fayetteville-Cross.Creek.WWTP,PFDS,8/27/2019,,11.3
Fayetteville-Cross.Creek.WWTP,PFHpA,8/27/2019,8.13,
Fayetteville-Rockfish.Creek.WWTP,PFHpA,8/27/2019,12.1,
Fayetteville-Cross.Creek.WWTP,PFHpS,8/27/2019,0.36,
Fayetteville-Rockfish.Creek.WWTP,PFHpS,8/27/2019,0.31,
Fayetteville-Cross.Creek.WWTP,PFHxA,8/27/2019,15.6,
Fayetteville-Rockfish.Creek.WWTP,PFHxA,8/27/2019,23.9,
Fayetteville-Rockfish.Creek.WWTP,PFHxS,8/27/2019,9.89,
Fayetteville-Cross.Creek.WWTP,PFHxS,8/27/2019,12.85,
Fayetteville-Cross.Creek.WWTP,PFNA,8/27/2019,0.65,
Fayetteville-Rockfish.Creek.WWTP,PFNA,8/27/2019,0.69,
Fayetteville-Rockfish.Creek.WWTP,PFNS,8/27/2019,,11.1
Fayetteville-Cross.Creek.WWTP,PFNS,8/27/2019,,11.3
Fayetteville-Cross.Creek.WWTP,PFOA,8/27/2019,9.21,
Fayetteville-Rockfish.Creek.WWTP,PFOA,8/27/2019,13.26,
Fayetteville-Cross.Creek.WWTP,PFOS,8/27/2019,22.3,
Fayetteville-Rockfish.Creek.WWTP,PFOS,8/27/2019,14.25,
Fayetteville-Rockfish.Creek.WWTP,PFOSA,8/27/2019,,11.1
Fayetteville-Cross.Creek.WWTP,PFOSA,8/27/2019,,11.3
Fayetteville-Cross.Creek.WWTP,PFPeA,8/27/2019,20.65,
Fayetteville-Rockfish.Creek.WWTP,PFPeA,8/27/2019,79.1,
Fayetteville-Cross.Creek.WWTP,PFPeS,8/27/2019,0.95,
Fayetteville-Rockfish.Creek.WWTP,PFPeS,8/27/2019,0.61,
Fayetteville-Rockfish.Creek.WWTP,PFTeA,8/27/2019,,11.1
Fayetteville-Cross.Creek.WWTP,PFTeA,8/27/2019,,11.3
Fayetteville-Rockfish.Creek.WWTP,PFTriA,8/27/2019,,11.1
Fayetteville-Cross.Creek.WWTP,PFTriA,8/27/2019,,11.3
Fayetteville-Rockfish.Creek.WWTP,PFUnA,8/27/2019,,11.1
Fayetteville-Cross.Creek.WWTP,PFUnA,8/27/2019,,11.3
City.of.Graham,4.2,8/22/2019,,1.25
City.of.Graham,6.2,8/22/2019,1.33,
City.of.Graham,8.2,8/22/2019,0.354,
City.of.Graham,HFPO.DA,8/22/2019,,43.8
City.of.Graham,N.EtFOSAA,8/22/2019,,1.25
City.of.Graham,N.MeFOSAA,8/22/2019,,1.25
City.of.Graham,PFBA,8/22/2019,,1.25
City.of.Graham,PFBS,8/22/2019,,1.25
City.of.Graham,PFDA,8/22/2019,1.44,
City.of.Graham,PFDoA,8/22/2019,0.726,
City.of.Graham,PFDS,8/22/2019,,1.25
City.of.Graham,PFHpA,8/22/2019,4.28,
City.of.Graham,PFHpS,8/22/2019,,1.25
City.of.Graham,PFHxA,8/22/2019,11.8,
City.of.Graham,PFHxS,8/22/2019,0.144,
City.of.Graham,PFNA,8/22/2019,1.62,
City.of.Graham,PFNS,8/22/2019,,1.25
City.of.Graham,PFOA,8/22/2019,8.97,
City.of.Graham,PFOS,8/22/2019,12.8,
City.of.Graham,PFOSA,8/22/2019,,1.25
City.of.Graham,PFPeA,8/22/2019,,1.25
City.of.Graham,PFPeS,8/22/2019,,1.25
City.of.Graham,PFTeA,8/22/2019,2.82,
City.of.Graham,PFTriA,8/22/2019,2.02,
City.of.Graham,PFUnA,8/22/2019,,1.25
City.of.Randleman,4.2,8/14/2019,,1.38
City.of.Randleman,6.2,8/14/2019,,1.38
City.of.Randleman,8.2,8/14/2019,,1.38
City.of.Randleman,HFPO.DA,8/14/2019,,48.22
City.of.Randleman,N.EtFOSAA,8/14/2019,,1.38
Town.of.Rose.Hill.WWTP,N.EtFOSAA,8/14/2019,,5.32
City.of.Randleman,N.MeFOSAA,8/14/2019,,1.38
Town.of.Rose.Hill.WWTP,N.MeFOSAA,8/14/2019,,5.32
Town.of.Rose.Hill.WWTP,Nafion.Byproduct.2,8/14/2019,,
City.of.Randleman,PFBA,8/14/2019,,1.38
Town.of.Rose.Hill.WWTP,PFBA,8/14/2019,8.37,
City.of.Randleman,PFBS,8/14/2019,,1.38
Town.of.Rose.Hill.WWTP,PFBS,8/14/2019,2.6,
City.of.Randleman,PFDA,8/14/2019,,1.38
Town.of.Rose.Hill.WWTP,PFDA,8/14/2019,,2.66
City.of.Randleman,PFDoA,8/14/2019,,1.38
Town.of.Rose.Hill.WWTP,PFDoA,8/14/2019,,2.66
City.of.Randleman,PFDS,8/14/2019,,1.38
Town.of.Rose.Hill.WWTP,PFDS,8/14/2019,,2.58
City.of.Randleman,PFHpA,8/14/2019,2.94,
Town.of.Rose.Hill.WWTP,PFHpA,8/14/2019,40.7,
City.of.Randleman,PFHpS,8/14/2019,,1.38
Town.of.Rose.Hill.WWTP,PFHpS,8/14/2019,,2.53
City.of.Randleman,PFHxA,8/14/2019,8.56,
Town.of.Rose.Hill.WWTP,PFHxA,8/14/2019,10.4,
City.of.Randleman,PFHxS,8/14/2019,,1.38
Town.of.Rose.Hill.WWTP,PFHxS,8/14/2019,2,
Town.of.Rose.Hill.WWTP,PFMOAA,8/14/2019,,
Town.of.Rose.Hill.WWTP,PFMOBA,8/14/2019,,
Town.of.Rose.Hill.WWTP,PFMOPrA,8/14/2019,,
City.of.Randleman,PFNA,8/14/2019,0.846,
Town.of.Rose.Hill.WWTP,PFNA,8/14/2019,2.08,
City.of.Randleman,PFNS,8/14/2019,,1.38
Town.of.Rose.Hill.WWTP,PFNS,8/14/2019,,2.55
Town.of.Rose.Hill.WWTP,PFO2HxA,8/14/2019,,
Town.of.Rose.Hill.WWTP,PFO3OA,8/14/2019,,
Town.of.Rose.Hill.WWTP,PFO4DA,8/14/2019,,
City.of.Randleman,PFOA,8/14/2019,5.52,
Town.of.Rose.Hill.WWTP,PFOA,8/14/2019,6,
City.of.Randleman,PFOS,8/14/2019,,1.38
Town.of.Rose.Hill.WWTP,PFOS,8/14/2019,11,
City.of.Randleman,PFOSA,8/14/2019,,1.38
Town.of.Rose.Hill.WWTP,PFOSA,8/14/2019,,2.47
City.of.Randleman,PFPeA,8/14/2019,,1.38
Town.of.Rose.Hill.WWTP,PFPeA,8/14/2019,6.1,
City.of.Randleman,PFPeS,8/14/2019,,1.38
Town.of.Rose.Hill.WWTP,PFPeS,8/14/2019,,2.5
Town.of.Rose.Hill.WWTP,PFPrOPrA,8/14/2019,,
Town.of.Rose.Hill.WWTP,PFTeA,8/14/2019,,13.3
City.of.Randleman,PFTeA,8/14/2019,0.255,
City.of.Randleman,PFTriA,8/14/2019,,1.38
Town.of.Rose.Hill.WWTP,PFTriA,8/14/2019,,13.3
City.of.Randleman,PFUnA,8/14/2019,,1.38
Town.of.Rose.Hill.WWTP,PFUnA,8/14/2019,,2.66
City.of.Mebane.WWTP,N.EtFOSAA,8/13/2019,,5.38
City.of.High.Point.Eastside.WWTP,N.EtFOSAA,8/13/2019,,10.8
Town.of.Holly.Springs,N.EtFOSAA,8/13/2019,,16
Cary.Western.Wake.Regional.Water.Reclamation.Facility,N.EtFOSAA,8/13/2019,,95
City.of.Mebane.WWTP,N.MeFOSAA,8/13/2019,,5.38
City.of.High.Point.Eastside.WWTP,N.MeFOSAA,8/13/2019,,10.8
Town.of.Holly.Springs,N.MeFOSAA,8/13/2019,,16
Cary.Western.Wake.Regional.Water.Reclamation.Facility,N.MeFOSAA,8/13/2019,,110
Town.of.Holly.Springs,HFPO.DA,8/13/2019,,16
City.of.Mebane.WWTP,PFBA,8/13/2019,,5.38
Town.of.Holly.Springs,PFBA,8/13/2019,,8.2
City.of.High.Point.Eastside.WWTP,PFBA,8/13/2019,,10.8
Cary.Western.Wake.Regional.Water.Reclamation.Facility,PFBA,8/13/2019,,380
City.of.Mebane.WWTP,PFBS,8/13/2019,,5.38
Town.of.Holly.Springs,PFBS,8/13/2019,,7.2
City.of.High.Point.Eastside.WWTP,PFBS,8/13/2019,,10.8
Cary.Western.Wake.Regional.Water.Reclamation.Facility,PFBS,8/13/2019,,95
Town.of.Holly.Springs,PFDA,8/13/2019,,8.2
City.of.High.Point.Eastside.WWTP,PFDA,8/13/2019,,10.8
Cary.Western.Wake.Regional.Water.Reclamation.Facility,PFDA,8/13/2019,,95
City.of.Mebane.WWTP,PFDA,8/13/2019,7.64,
City.of.Mebane.WWTP,PFDoA,8/13/2019,,5.38
Town.of.Holly.Springs,PFDoA,8/13/2019,,8.2
Cary.Western.Wake.Regional.Water.Reclamation.Facility,PFDoA,8/13/2019,,95
City.of.Mebane.WWTP,PFDS,8/13/2019,,5.38
Town.of.Holly.Springs,PFDS,8/13/2019,,7.9
City.of.High.Point.Eastside.WWTP,PFDS,8/13/2019,,10.8
Cary.Western.Wake.Regional.Water.Reclamation.Facility,PFDS,8/13/2019,,95
Cary.Western.Wake.Regional.Water.Reclamation.Facility,PFHpA,8/13/2019,,95
City.of.High.Point.Eastside.WWTP,PFHpA,8/13/2019,,
Town.of.Holly.Springs,PFHpA,8/13/2019,21,
City.of.Mebane.WWTP,PFHpA,8/13/2019,7.73,
City.of.Mebane.WWTP,PFHpS,8/13/2019,,5.38
City.of.High.Point.Eastside.WWTP,PFHpS,8/13/2019,,10.8
Cary.Western.Wake.Regional.Water.Reclamation.Facility,PFHpS,8/13/2019,,95
Cary.Western.Wake.Regional.Water.Reclamation.Facility,PFHxA,8/13/2019,,95
City.of.High.Point.Eastside.WWTP,PFHxA,8/13/2019,13.4,
Town.of.Holly.Springs,PFHxA,8/13/2019,27,
City.of.Mebane.WWTP,PFHxA,8/13/2019,29.4,
Town.of.Holly.Springs,PFHxDA,8/13/2019,,8.2
City.of.Mebane.WWTP,PFHxS,8/13/2019,,5.38
Town.of.Holly.Springs,PFHxS,8/13/2019,,7.7
City.of.High.Point.Eastside.WWTP,PFHxS,8/13/2019,,10.8
Cary.Western.Wake.Regional.Water.Reclamation.Facility,PFHxS,8/13/2019,,95
City.of.Mebane.WWTP,PFNA,8/13/2019,,5.38
Town.of.Holly.Springs,PFNA,8/13/2019,,8.2
City.of.High.Point.Eastside.WWTP,PFNA,8/13/2019,,10.8
Cary.Western.Wake.Regional.Water.Reclamation.Facility,PFNA,8/13/2019,,95
City.of.Mebane.WWTP,PFNS,8/13/2019,,5.38
City.of.High.Point.Eastside.WWTP,PFNS,8/13/2019,,10.8
Cary.Western.Wake.Regional.Water.Reclamation.Facility,PFNS,8/13/2019,,95
City.of.High.Point.Eastside.WWTP,PFOA,8/13/2019,,10.8
Cary.Western.Wake.Regional.Water.Reclamation.Facility,PFOA,8/13/2019,,95
Town.of.Holly.Springs,PFOA,8/13/2019,10,
City.of.Mebane.WWTP,PFOA,8/13/2019,24.3,
Town.of.Holly.Springs,PFODA,8/13/2019,,8.2
Cary.Western.Wake.Regional.Water.Reclamation.Facility,PFOS,8/13/2019,,95
City.of.High.Point.Eastside.WWTP,PFOS,8/13/2019,15.4,
Town.of.Holly.Springs,PFOS,8/13/2019,12,
City.of.Mebane.WWTP,PFOS,8/13/2019,6.97,
City.of.Mebane.WWTP,PFOSA,8/13/2019,,5.38
City.of.High.Point.Eastside.WWTP,PFOSA,8/13/2019,,10.8
Cary.Western.Wake.Regional.Water.Reclamation.Facility,PFOSA,8/13/2019,,95
City.of.Mebane.WWTP,PFPeA,8/13/2019,,5.38
Cary.Western.Wake.Regional.Water.Reclamation.Facility,PFPeA,8/13/2019,,95
City.of.High.Point.Eastside.WWTP,PFPeA,8/13/2019,60.8,
Town.of.Holly.Springs,PFPeA,8/13/2019,21,
City.of.Mebane.WWTP,PFPeS,8/13/2019,,5.38
City.of.High.Point.Eastside.WWTP,PFPeS,8/13/2019,,10.8
Cary.Western.Wake.Regional.Water.Reclamation.Facility,PFPeS,8/13/2019,,95
Town.of.Holly.Springs,PFPrOPrA,8/13/2019,,16
City.of.Mebane.WWTP,PFTeA,8/13/2019,,5.38
City.of.High.Point.Eastside.WWTP,PFTeA,8/13/2019,,10.8
Cary.Western.Wake.Regional.Water.Reclamation.Facility,PFTeA,8/13/2019,,95
Town.of.Holly.Springs,PFTeA,8/13/2019,,8.2
City.of.Mebane.WWTP,PFTriA,8/13/2019,,5.38
City.of.High.Point.Eastside.WWTP,PFTriA,8/13/2019,,10.8
Cary.Western.Wake.Regional.Water.Reclamation.Facility,PFTriA,8/13/2019,,95
Town.of.Holly.Springs,PFTriA,8/13/2019,,8.2
City.of.Mebane.WWTP,PFUnA,8/13/2019,,5.38
City.of.High.Point.Eastside.WWTP,PFUnA,8/13/2019,,10.8
Cary.Western.Wake.Regional.Water.Reclamation.Facility,PFUnA,8/13/2019,,95
Town.of.Holly.Springs,PFUnA,8/13/2019,,8.2
Wallace.Regional.WWTP,N.EtFOSAA,8/12/2019,,25.3
Wallace.Regional.WWTP,N.MeFOSAA,8/12/2019,,5.05
Wallace.Regional.WWTP,PFBA,8/12/2019,,2.53
Wallace.Regional.WWTP,PFBS,8/12/2019,2.15,
Wallace.Regional.WWTP,PFDA,8/12/2019,,2.53
Wallace.Regional.WWTP,PFDoA,8/12/2019,,2.53
Wallace.Regional.WWTP,PFDS,8/12/2019,,2.45
Wallace.Regional.WWTP,PFHpA,8/12/2019,0.883,
Wallace.Regional.WWTP,PFHpS,8/12/2019,,2.4
Wallace.Regional.WWTP,PFHxA,8/12/2019,20.7,
Wallace.Regional.WWTP,PFHxS,8/12/2019,,2.3
Wallace.Regional.WWTP,PFNA,8/12/2019,1.04,
Wallace.Regional.WWTP,PFNS,8/12/2019,,2.42
Wallace.Regional.WWTP,PFOA,8/12/2019,2.96,
Wallace.Regional.WWTP,PFOS,8/12/2019,9.61,
Wallace.Regional.WWTP,PFOSA,8/12/2019,,11.7
Wallace.Regional.WWTP,PFPeA,8/12/2019,,2.53
Wallace.Regional.WWTP,PFPeS,8/12/2019,,2.37
Wallace.Regional.WWTP,PFTeA,8/12/2019,,12.6
Wallace.Regional.WWTP,PFTriA,8/12/2019,,12.6
Wallace.Regional.WWTP,PFUnA,8/12/2019,,2.53
Northeast.Brunswick.Regional,4.2,8/8/2019,,1.41
Northeast.Brunswick.Regional,6.2,8/8/2019,0.738,
Northeast.Brunswick.Regional,8.2,8/8/2019,0.513,
Northeast.Brunswick.Regional,HFPO.DA,8/8/2019,,49.31
City.of.Asheboro.WWTP,HFPO.DA,8/8/2019,,354.62
Northeast.Brunswick.Regional,N.EtFOSAA,8/8/2019,,1.41
Town.of.Burgaw.Collection.System,N.EtFOSAA,8/8/2019,,3.58
City.of.Asheboro.WWTP,N.EtFOSAA,8/8/2019,,10.1
Northeast.Brunswick.Regional,N.MeFOSAA,8/8/2019,,1.41
City.of.Asheboro.WWTP,N.MeFOSAA,8/8/2019,,10.1
Town.of.Burgaw.Collection.System,N.MeFOSAA,8/8/2019,,17.9
Northeast.Brunswick.Regional,PFBA,8/8/2019,,1.41
Town.of.Burgaw.Collection.System,PFBA,8/8/2019,,8.96
City.of.Asheboro.WWTP,PFBA,8/8/2019,,10.1
Northeast.Brunswick.Regional,PFBS,8/8/2019,,1.41
City.of.Asheboro.WWTP,PFBS,8/8/2019,,10.1
Town.of.Burgaw.Collection.System,PFBS,8/8/2019,1.86,
Town.of.Burgaw.Collection.System,PFDA,8/8/2019,,1.79
City.of.Asheboro.WWTP,PFDA,8/8/2019,,10.1
Northeast.Brunswick.Regional,PFDA,8/8/2019,1.8,
Town.of.Burgaw.Collection.System,PFDoA,8/8/2019,,1.79
City.of.Asheboro.WWTP,PFDoA,8/8/2019,,10.1
Northeast.Brunswick.Regional,PFDoA,8/8/2019,0.196,
Northeast.Brunswick.Regional,PFDS,8/8/2019,,1.41
Town.of.Burgaw.Collection.System,PFDS,8/8/2019,,1.74
City.of.Asheboro.WWTP,PFDS,8/8/2019,,10.1
City.of.Asheboro.WWTP,PFHpA,8/8/2019,,10.1
Town.of.Burgaw.Collection.System,PFHpA,8/8/2019,0.701,
Northeast.Brunswick.Regional,PFHpA,8/8/2019,8.15,
Northeast.Brunswick.Regional,PFHpS,8/8/2019,,1.41
Town.of.Burgaw.Collection.System,PFHpS,8/8/2019,,1.7
City.of.Asheboro.WWTP,PFHpS,8/8/2019,,10.1
City.of.Asheboro.WWTP,PFHxA,8/8/2019,13.5,
Northeast.Brunswick.Regional,PFHxA,8/8/2019,19.9,
Town.of.Burgaw.Collection.System,PFHxA,8/8/2019,18.9,
Northeast.Brunswick.Regional,PFHxS,8/8/2019,,1.41
Town.of.Burgaw.Collection.System,PFHxS,8/8/2019,,1.63
City.of.Asheboro.WWTP,PFHxS,8/8/2019,,10.1
Town.of.Burgaw.Collection.System,PFNA,8/8/2019,,1.79
City.of.Asheboro.WWTP,PFNA,8/8/2019,,10.1
Northeast.Brunswick.Regional,PFNA,8/8/2019,0.871,
Northeast.Brunswick.Regional,PFNS,8/8/2019,,1.41
Town.of.Burgaw.Collection.System,PFNS,8/8/2019,,1.72
City.of.Asheboro.WWTP,PFNS,8/8/2019,,10.1
Town.of.Burgaw.Collection.System,PFOA,8/8/2019,1.45,
City.of.Asheboro.WWTP,PFOA,8/8/2019,10.6,
Northeast.Brunswick.Regional,PFOA,8/8/2019,10,
City.of.Asheboro.WWTP,PFOS,8/8/2019,18.8,
Northeast.Brunswick.Regional,PFOS,8/8/2019,11.3,
Town.of.Burgaw.Collection.System,PFOS,8/8/2019,4.08,
Northeast.Brunswick.Regional,PFOSA,8/8/2019,,1.41
Town.of.Burgaw.Collection.System,PFOSA,8/8/2019,,8.33
City.of.Asheboro.WWTP,PFOSA,8/8/2019,,10.1
Northeast.Brunswick.Regional,PFPeA,8/8/2019,,1.41
Town.of.Burgaw.Collection.System,PFPeA,8/8/2019,,1.79
City.of.Asheboro.WWTP,PFPeA,8/8/2019,,10.1
Northeast.Brunswick.Regional,PFPeS,8/8/2019,,1.41
Town.of.Burgaw.Collection.System,PFPeS,8/8/2019,,1.68
City.of.Asheboro.WWTP,PFPeS,8/8/2019,,10.1
Northeast.Brunswick.Regional,PFTeA,8/8/2019,,1.41
Town.of.Burgaw.Collection.System,PFTeA,8/8/2019,,8.96
City.of.Asheboro.WWTP,PFTeA,8/8/2019,,10.1
Northeast.Brunswick.Regional,PFTriA,8/8/2019,,1.41
Town.of.Burgaw.Collection.System,PFTriA,8/8/2019,,8.96
City.of.Asheboro.WWTP,PFTriA,8/8/2019,,10.1
Northeast.Brunswick.Regional,PFUnA,8/8/2019,,1.41
Town.of.Burgaw.Collection.System,PFUnA,8/8/2019,,8.96
City.of.Asheboro.WWTP,PFUnA,8/8/2019,,10.1
Cit.of.Clinton-Norman.H.Larkins.WWTP,N.EtFOSAA,8/7/2019,,4.05
City.of.Reidsville,N.EtFOSAA,8/7/2019,,11.1
Greensboro-TZ.Osborne.WRF,N.EtFOSAA,8/7/2019,,18
Cit.of.Clinton-Norman.H.Larkins.WWTP,N.MeFOSAA,8/7/2019,,4.05
City.of.Reidsville,N.MeFOSAA,8/7/2019,,11.1
Greensboro-TZ.Osborne.WRF,N.MeFOSAA,8/7/2019,,18
Cit.of.Clinton-Norman.H.Larkins.WWTP,PFBA,8/7/2019,,10.1
City.of.Reidsville,PFBA,8/7/2019,,11.1
Greensboro-TZ.Osborne.WRF,PFBA,8/7/2019,27.3,
City.of.Reidsville,PFBS,8/7/2019,,11.1
Cit.of.Clinton-Norman.H.Larkins.WWTP,PFBS,8/7/2019,2.6,
Greensboro-TZ.Osborne.WRF,PFBS,8/7/2019,39.3,
Cit.of.Clinton-Norman.H.Larkins.WWTP,PFDA,8/7/2019,,2.03
Greensboro-TZ.Osborne.WRF,PFDA,8/7/2019,,10.2
City.of.Reidsville,PFDA,8/7/2019,,11.1
Cit.of.Clinton-Norman.H.Larkins.WWTP,PFDoA,8/7/2019,,2.03
Greensboro-TZ.Osborne.WRF,PFDoA,8/7/2019,,10.2
City.of.Reidsville,PFDoA,8/7/2019,,11.1
Cit.of.Clinton-Norman.H.Larkins.WWTP,PFDS,8/7/2019,,1.97
Greensboro-TZ.Osborne.WRF,PFDS,8/7/2019,,10.2
City.of.Reidsville,PFDS,8/7/2019,,11.1
City.of.Reidsville,PFHpA,8/7/2019,,11.1
Cit.of.Clinton-Norman.H.Larkins.WWTP,PFHpA,8/7/2019,1.24,
Greensboro-TZ.Osborne.WRF,PFHpA,8/7/2019,22.3,
Cit.of.Clinton-Norman.H.Larkins.WWTP,PFHpS,8/7/2019,,1.93
Greensboro-TZ.Osborne.WRF,PFHpS,8/7/2019,,10.2
City.of.Reidsville,PFHpS,8/7/2019,,11.1
Cit.of.Clinton-Norman.H.Larkins.WWTP,PFHxA,8/7/2019,8.47,
Greensboro-TZ.Osborne.WRF,PFHxA,8/7/2019,54.6,
City.of.Reidsville,PFHxA,8/7/2019,29.5,
Cit.of.Clinton-Norman.H.Larkins.WWTP,PFHxS,8/7/2019,,1.84
City.of.Reidsville,PFHxS,8/7/2019,,11.1
Greensboro-TZ.Osborne.WRF,PFHxS,8/7/2019,19.6,
Cit.of.Clinton-Norman.H.Larkins.WWTP,PFNA,8/7/2019,,2.03
Greensboro-TZ.Osborne.WRF,PFNA,8/7/2019,,10.2
City.of.Reidsville,PFNA,8/7/2019,,11.1
Cit.of.Clinton-Norman.H.Larkins.WWTP,PFNS,8/7/2019,,2.03
Greensboro-TZ.Osborne.WRF,PFNS,8/7/2019,,10.2
City.of.Reidsville,PFNS,8/7/2019,,11.1
Cit.of.Clinton-Norman.H.Larkins.WWTP,PFOA,8/7/2019,2.46,
Greensboro-TZ.Osborne.WRF,PFOA,8/7/2019,24.7,
City.of.Reidsville,PFOA,8/7/2019,16.4,
Cit.of.Clinton-Norman.H.Larkins.WWTP,PFOS,8/7/2019,2.54,
Greensboro-TZ.Osborne.WRF,PFOS,8/7/2019,36.2,
City.of.Reidsville,PFOS,8/7/2019,12.2,
Cit.of.Clinton-Norman.H.Larkins.WWTP,PFOSA,8/7/2019,,1.88
Greensboro-TZ.Osborne.WRF,PFOSA,8/7/2019,,10.2
City.of.Reidsville,PFOSA,8/7/2019,,11.1
Cit.of.Clinton-Norman.H.Larkins.WWTP,PFPeA,8/7/2019,12.2,
Greensboro-TZ.Osborne.WRF,PFPeA,8/7/2019,66.9,
City.of.Reidsville,PFPeA,8/7/2019,58.7,
Cit.of.Clinton-Norman.H.Larkins.WWTP,PFPeS,8/7/2019,,1.91
Greensboro-TZ.Osborne.WRF,PFPeS,8/7/2019,,10.2
City.of.Reidsville,PFPeS,8/7/2019,,11.1
Cit.of.Clinton-Norman.H.Larkins.WWTP,PFTeA,8/7/2019,,10.1
Greensboro-TZ.Osborne.WRF,PFTeA,8/7/2019,,10.2
City.of.Reidsville,PFTeA,8/7/2019,,11.1
Cit.of.Clinton-Norman.H.Larkins.WWTP,PFTriA,8/7/2019,,10.1
Greensboro-TZ.Osborne.WRF,PFTriA,8/7/2019,,10.2
City.of.Reidsville,PFTriA,8/7/2019,,11.1
Cit.of.Clinton-Norman.H.Larkins.WWTP,PFUnA,8/7/2019,,2.03
Greensboro-TZ.Osborne.WRF,PFUnA,8/7/2019,,10.2
City.of.Reidsville,PFUnA,8/7/2019,,11.1
Town.of.Ramseur.WWTP,4.2,8/6/2019,,1.25
North.Harnett.Regional,4.2,8/6/2019,,4.91
Sanford-Big.Buffalo.Creek.WWTP,4.2,8/6/2019,1.25,
Town.of.Ramseur.WWTP,6.2,8/6/2019,,1.25
Sanford-Big.Buffalo.Creek.WWTP,6.2,8/6/2019,,1.27
North.Harnett.Regional,6.2,8/6/2019,1.08,
Town.of.Ramseur.WWTP,8.2,8/6/2019,,1.25
North.Harnett.Regional,8.2,8/6/2019,0.53,
Sanford-Big.Buffalo.Creek.WWTP,8.2,8/6/2019,6.09,
Town.of.Ramseur.WWTP,HFPO.DA,8/6/2019,,43.9
Sanford-Big.Buffalo.Creek.WWTP,HFPO.DA,8/6/2019,,44.52
North.Harnett.Regional,HFPO.DA,8/6/2019,,172
Town.of.Ramseur.WWTP,N.EtFOSAA,8/6/2019,,1.25
East.Burlington.WWTP,N.EtFOSAA,8/6/2019,,4.88
North.Harnett.Regional,N.EtFOSAA,8/6/2019,,4.91
South.Burlington.WWTP,N.EtFOSAA,8/6/2019,,5.07
Siler.City.Waste.Water.Treatment.Plant,N.EtFOSAA,8/6/2019,,10.1
Sanford-Big.Buffalo.Creek.WWTP,N.EtFOSAA,8/6/2019,0.134,
Town.of.Ramseur.WWTP,N.MeFOSAA,8/6/2019,,1.25
Sanford-Big.Buffalo.Creek.WWTP,N.MeFOSAA,8/6/2019,,1.27
North.Harnett.Regional,N.MeFOSAA,8/6/2019,,4.91
South.Burlington.WWTP,N.MeFOSAA,8/6/2019,,5.07
Siler.City.Waste.Water.Treatment.Plant,N.MeFOSAA,8/6/2019,,10.1
East.Burlington.WWTP,N.MeFOSAA,8/6/2019,16.1,
Town.of.Ramseur.WWTP,PFBA,8/6/2019,,1.25
South.Burlington.WWTP,PFBA,8/6/2019,,5.07
Siler.City.Waste.Water.Treatment.Plant,PFBA,8/6/2019,,10.1
East.Burlington.WWTP,PFBA,8/6/2019,141,
North.Harnett.Regional,PFBA,8/6/2019,9.38,
Sanford-Big.Buffalo.Creek.WWTP,PFBA,8/6/2019,15.4,
Sanford-Big.Buffalo.Creek.WWTP,PFBS,8/6/2019,,1.27
East.Burlington.WWTP,PFBS,8/6/2019,,4.88
North.Harnett.Regional,PFBS,8/6/2019,,4.91
South.Burlington.WWTP,PFBS,8/6/2019,,5.07
Siler.City.Waste.Water.Treatment.Plant,PFBS,8/6/2019,,10.1
Town.of.Ramseur.WWTP,PFBS,8/6/2019,344,
Town.of.Ramseur.WWTP,PFDA,8/6/2019,,1.25
Siler.City.Waste.Water.Treatment.Plant,PFDA,8/6/2019,,10.1
North.Harnett.Regional,PFDA,8/6/2019,0.297,
East.Burlington.WWTP,PFDA,8/6/2019,25.3,
South.Burlington.WWTP,PFDA,8/6/2019,7.2,
Sanford-Big.Buffalo.Creek.WWTP,PFDA,8/6/2019,1.85,
Town.of.Ramseur.WWTP,PFDoA,8/6/2019,,1.25
Sanford-Big.Buffalo.Creek.WWTP,PFDoA,8/6/2019,,1.27
North.Harnett.Regional,PFDoA,8/6/2019,,4.91
South.Burlington.WWTP,PFDoA,8/6/2019,,5.07
Siler.City.Waste.Water.Treatment.Plant,PFDoA,8/6/2019,,10.1
East.Burlington.WWTP,PFDoA,8/6/2019,7.47,
Town.of.Ramseur.WWTP,PFDS,8/6/2019,,1.25
Sanford-Big.Buffalo.Creek.WWTP,PFDS,8/6/2019,,1.27
East.Burlington.WWTP,PFDS,8/6/2019,,4.88
North.Harnett.Regional,PFDS,8/6/2019,,4.91
South.Burlington.WWTP,PFDS,8/6/2019,,5.07
Siler.City.Waste.Water.Treatment.Plant,PFDS,8/6/2019,,10.1
Town.of.Ramseur.WWTP,PFHpA,8/6/2019,,1.25
Siler.City.Waste.Water.Treatment.Plant,PFHpA,8/6/2019,0.717,
East.Burlington.WWTP,PFHpA,8/6/2019,845,
South.Burlington.WWTP,PFHpA,8/6/2019,7.29,
North.Harnett.Regional,PFHpA,8/6/2019,12.5,
Sanford-Big.Buffalo.Creek.WWTP,PFHpA,8/6/2019,77.5,
Town.of.Ramseur.WWTP,PFHpS,8/6/2019,,1.25
Sanford-Big.Buffalo.Creek.WWTP,PFHpS,8/6/2019,,1.27
East.Burlington.WWTP,PFHpS,8/6/2019,,4.88
North.Harnett.Regional,PFHpS,8/6/2019,,4.91
South.Burlington.WWTP,PFHpS,8/6/2019,,5.07
Siler.City.Waste.Water.Treatment.Plant,PFHpS,8/6/2019,,10.1
Siler.City.Waste.Water.Treatment.Plant,PFHxA,8/6/2019,5.89,
East.Burlington.WWTP,PFHxA,8/6/2019,706,
South.Burlington.WWTP,PFHxA,8/6/2019,27.7,
North.Harnett.Regional,PFHxA,8/6/2019,22.9,
Town.of.Ramseur.WWTP,PFHxA,8/6/2019,4.77,
Sanford-Big.Buffalo.Creek.WWTP,PFHxA,8/6/2019,44.2,
Town.of.Ramseur.WWTP,PFHxS,8/6/2019,,1.25
South.Burlington.WWTP,PFHxS,8/6/2019,,5.07
Siler.City.Waste.Water.Treatment.Plant,PFHxS,8/6/2019,,10.1
East.Burlington.WWTP,PFHxS,8/6/2019,16.1,
North.Harnett.Regional,PFHxS,8/6/2019,5.31,
Sanford-Big.Buffalo.Creek.WWTP,PFHxS,8/6/2019,6.38,
Town.of.Ramseur.WWTP,PFNA,8/6/2019,,1.25
South.Burlington.WWTP,PFNA,8/6/2019,,5.07
Siler.City.Waste.Water.Treatment.Plant,PFNA,8/6/2019,,10.1
North.Harnett.Regional,PFNA,8/6/2019,0.551,
East.Burlington.WWTP,PFNA,8/6/2019,10.6,
Sanford-Big.Buffalo.Creek.WWTP,PFNA,8/6/2019,2.25,
Town.of.Ramseur.WWTP,PFNS,8/6/2019,,1.25
Sanford-Big.Buffalo.Creek.WWTP,PFNS,8/6/2019,,1.27
East.Burlington.WWTP,PFNS,8/6/2019,,4.88
North.Harnett.Regional,PFNS,8/6/2019,,4.91
South.Burlington.WWTP,PFNS,8/6/2019,,5.07
Siler.City.Waste.Water.Treatment.Plant,PFNS,8/6/2019,,10.1
Siler.City.Waste.Water.Treatment.Plant,PFOA,8/6/2019,4.02,
East.Burlington.WWTP,PFOA,8/6/2019,64.6,
South.Burlington.WWTP,PFOA,8/6/2019,22.9,
North.Harnett.Regional,PFOA,8/6/2019,7.29,
Town.of.Ramseur.WWTP,PFOA,8/6/2019,2,
Sanford-Big.Buffalo.Creek.WWTP,PFOA,8/6/2019,11.5,
Siler.City.Waste.Water.Treatment.Plant,PFOS,8/6/2019,3.84,
East.Burlington.WWTP,PFOS,8/6/2019,56.4,
South.Burlington.WWTP,PFOS,8/6/2019,6.57,
North.Harnett.Regional,PFOS,8/6/2019,18.5,
Town.of.Ramseur.WWTP,PFOS,8/6/2019,45.7,
Sanford-Big.Buffalo.Creek.WWTP,PFOS,8/6/2019,40.8,
Sanford-Big.Buffalo.Creek.WWTP,PFOSA,8/6/2019,,0.322
Town.of.Ramseur.WWTP,PFOSA,8/6/2019,,1.25
East.Burlington.WWTP,PFOSA,8/6/2019,,4.88
North.Harnett.Regional,PFOSA,8/6/2019,,4.91
South.Burlington.WWTP,PFOSA,8/6/2019,,5.07
Siler.City.Waste.Water.Treatment.Plant,PFOSA,8/6/2019,,10.1
Sanford-Big.Buffalo.Creek.WWTP,PFPeA,8/6/2019,75.7,
East.Burlington.WWTP,PFPeA,8/6/2019,523,
South.Burlington.WWTP,PFPeA,8/6/2019,107,
North.Harnett.Regional,PFPeA,8/6/2019,55.7,
Town.of.Ramseur.WWTP,PFPeA,8/6/2019,103,
Siler.City.Waste.Water.Treatment.Plant,PFPeA,8/6/2019,13,
Town.of.Ramseur.WWTP,PFPeS,8/6/2019,,1.25
Sanford-Big.Buffalo.Creek.WWTP,PFPeS,8/6/2019,,1.27
East.Burlington.WWTP,PFPeS,8/6/2019,,4.88
North.Harnett.Regional,PFPeS,8/6/2019,,4.91
South.Burlington.WWTP,PFPeS,8/6/2019,,5.07
Siler.City.Waste.Water.Treatment.Plant,PFPeS,8/6/2019,,10.1
East.Burlington.WWTP,PFTeA,8/6/2019,,4.88
North.Harnett.Regional,PFTeA,8/6/2019,,4.91
South.Burlington.WWTP,PFTeA,8/6/2019,,5.07
Siler.City.Waste.Water.Treatment.Plant,PFTeA,8/6/2019,,10.1
Sanford-Big.Buffalo.Creek.WWTP,PFTeA,8/6/2019,0.239,
Town.of.Ramseur.WWTP,PFTeA,8/6/2019,,1.25
Sanford-Big.Buffalo.Creek.WWTP,PFTriA,8/6/2019,,1.27
East.Burlington.WWTP,PFTriA,8/6/2019,,4.88
North.Harnett.Regional,PFTriA,8/6/2019,,4.91
South.Burlington.WWTP,PFTriA,8/6/2019,,5.07
Siler.City.Waste.Water.Treatment.Plant,PFTriA,8/6/2019,,10.1
Town.of.Ramseur.WWTP,PFTriA,8/6/2019,,1.25
Town.of.Ramseur.WWTP,PFUnA,8/6/2019,,1.25
Sanford-Big.Buffalo.Creek.WWTP,PFUnA,8/6/2019,,1.27
North.Harnett.Regional,PFUnA,8/6/2019,,4.91
South.Burlington.WWTP,PFUnA,8/6/2019,,5.07
Siler.City.Waste.Water.Treatment.Plant,PFUnA,8/6/2019,,10.1
East.Burlington.WWTP,PFUnA,8/6/2019,5.28,
Wilmington-James.A.Loughlin(Northside.WWTP,4.2,8/5/2019,,88.1
Wilmington-M'Kean.Maffitt(Southside.WWTP,4.2,8/5/2019,,88.7
City.of.Raeford,4.2,8/5/2019,,
Wilmington-James.A.Loughlin(Northside.WWTP,6.2,8/5/2019,,89
Wilmington-M'Kean.Maffitt(Southside.WWTP,6.2,8/5/2019,,89.6
Wilmington-James.A.Loughlin(Northside.WWTP,8.2,8/5/2019,,3.6
Wilmington-M'Kean.Maffitt(Southside.WWTP,8.2,8/5/2019,,3.62
Wilmington-James.A.Loughlin(Northside.WWTP,10.2,8/5/2019,,3.6
Wilmington-M'Kean.Maffitt(Southside.WWTP,10.2,8/5/2019,,3.62
Wilmington-James.A.Loughlin(Northside.WWTP,ADONA,8/5/2019,,1.87
Wilmington-M'Kean.Maffitt(Southside.WWTP,ADONA,8/5/2019,,1.89
City.of.Durham-South.Durham.Water.Reclamation,HFPO.DA,8/5/2019,,
Wilmington-M'Kean.Maffitt(Southside.WWTP,N.EtFOSA,8/5/2019,,3.77
Wilmington-James.A.Loughlin(Northside.WWTP,N.EtFOSA,8/5/2019,,18.7
Wilmington-James.A.Loughlin(Northside.WWTP,N.EtFOSAA,8/5/2019,,3.75
Wilmington-M'Kean.Maffitt(Southside.WWTP,N.EtFOSAA,8/5/2019,,3.77
City.of.Durham-South.Durham.Water.Reclamation,N.EtFOSAA,8/5/2019,,4.88
City.of.Raeford,N.EtFOSAA,8/5/2019,,1900
Durham.County.Triangle.Wastewater.Treatment.Plant,N.EtFOSAA,8/5/2019,0.964,
City.of.Durham-South.Durham.Water.Reclamation,N.MeFOSAA,8/5/2019,,4.88
Durham.County.Triangle.Wastewater.Treatment.Plant,N.MeFOSAA,8/5/2019,,10.8
Wilmington-James.A.Loughlin(Northside.WWTP,N.MeFOSAA,8/5/2019,,18.7
Wilmington-M'Kean.Maffitt(Southside.WWTP,N.MeFOSAA,8/5/2019,,18.9
City.of.Raeford,N.MeFOSAA,8/5/2019,,1900
Wilmington-James.A.Loughlin(Northside.WWTP,Nafion.Byproduct.1,8/5/2019,,3.75
Wilmington-M'Kean.Maffitt(Southside.WWTP,Nafion.Byproduct.1,8/5/2019,,3.77
Wilmington-James.A.Loughlin(Northside.WWTP,Nafion.Byproduct.2,8/5/2019,1.27,
Wilmington-M'Kean.Maffitt(Southside.WWTP,Nafion.Byproduct.2,8/5/2019,1.75,
Wilmington-James.A.Loughlin(Northside.WWTP,N.EtFOSE,8/5/2019,,9.37
Wilmington-M'Kean.Maffitt(Southside.WWTP,N.EtFOSE,8/5/2019,,9.43
Wilmington-James.A.Loughlin(Northside.WWTP,N.MeFOSA,8/5/2019,,18.7
Wilmington-M'Kean.Maffitt(Southside.WWTP,N.MeFOSA,8/5/2019,,18.9
Wilmington-James.A.Loughlin(Northside.WWTP,N.MeFOSE,8/5/2019,,9.37
Wilmington-M'Kean.Maffitt(Southside.WWTP,N.MeFOSE,8/5/2019,,9.43
Wilmington-James.A.Loughlin(Northside.WWTP,PF3ONS,8/5/2019,,1.75
Wilmington-M'Kean.Maffitt(Southside.WWTP,PF3ONS,8/5/2019,,1.76
Wilmington-James.A.Loughlin(Northside.WWTP,PF3OUdS,8/5/2019,,3.53
Wilmington-M'Kean.Maffitt(Southside.WWTP,PF3OUdS,8/5/2019,,3.55
Wilmington-M'Kean.Maffitt(Southside.WWTP,PFBA,8/5/2019,,1.89
City.of.Durham-South.Durham.Water.Reclamation,PFBA,8/5/2019,,4.88
Wilmington-James.A.Loughlin(Northside.WWTP,PFBA,8/5/2019,,9.37
City.of.Raeford,PFBA,8/5/2019,,150
Durham.County.Triangle.Wastewater.Treatment.Plant,PFBA,8/5/2019,50.2,
City.of.Durham-South.Durham.Water.Reclamation,PFBS,8/5/2019,,4.88
Durham.County.Triangle.Wastewater.Treatment.Plant,PFBS,8/5/2019,,10.8
Wilmington-James.A.Loughlin(Northside.WWTP,PFBS,8/5/2019,6.23,
Wilmington-M'Kean.Maffitt(Southside.WWTP,PFBS,8/5/2019,6.4,
City.of.Raeford,PFBS,8/5/2019,119,
Wilmington-M'Kean.Maffitt(Southside.WWTP,PFDA,8/5/2019,,1.89
Durham.County.Triangle.Wastewater.Treatment.Plant,PFDA,8/5/2019,,10.8
City.of.Raeford,PFDA,8/5/2019,,380
Wilmington-James.A.Loughlin(Northside.WWTP,PFDA,8/5/2019,0.973,
City.of.Durham-South.Durham.Water.Reclamation,PFDA,8/5/2019,6.93,
Wilmington-James.A.Loughlin(Northside.WWTP,PFDoA,8/5/2019,,1.87
Wilmington-M'Kean.Maffitt(Southside.WWTP,PFDoA,8/5/2019,,1.89
City.of.Durham-South.Durham.Water.Reclamation,PFDoA,8/5/2019,,4.88
Durham.County.Triangle.Wastewater.Treatment.Plant,PFDoA,8/5/2019,,10.8
City.of.Raeford,PFDoA,8/5/2019,,380
Wilmington-James.A.Loughlin(Northside.WWTP,PFDS,8/5/2019,,1.82
Wilmington-M'Kean.Maffitt(Southside.WWTP,PFDS,8/5/2019,,1.83
City.of.Durham-South.Durham.Water.Reclamation,PFDS,8/5/2019,,4.88
City.of.Raeford,PFDS,8/5/2019,,77
Durham.County.Triangle.Wastewater.Treatment.Plant,PFDS,8/5/2019,2.62,
Wilmington-James.A.Loughlin(Northside.WWTP,PFECA.G,8/5/2019,,3.75
Wilmington-M'Kean.Maffitt(Southside.WWTP,PFECA.G,8/5/2019,,3.77
City.of.Raeford,PFHpA,8/5/2019,,77
Durham.County.Triangle.Wastewater.Treatment.Plant,PFHpA,8/5/2019,1.34,
Wilmington-James.A.Loughlin(Northside.WWTP,PFHpA,8/5/2019,4.96,
Wilmington-M'Kean.Maffitt(Southside.WWTP,PFHpA,8/5/2019,5.89,
City.of.Durham-South.Durham.Water.Reclamation,PFHpA,8/5/2019,7.01,
Wilmington-James.A.Loughlin(Northside.WWTP,PFHpS,8/5/2019,,1.78
Wilmington-M'Kean.Maffitt(Southside.WWTP,PFHpS,8/5/2019,,1.79
City.of.Durham-South.Durham.Water.Reclamation,PFHpS,8/5/2019,,4.88
Durham.County.Triangle.Wastewater.Treatment.Plant,PFHpS,8/5/2019,,10.8
City.of.Raeford,PFHpS,8/5/2019,,77
City.of.Raeford,PFHxA,8/5/2019,,77
Durham.County.Triangle.Wastewater.Treatment.Plant,PFHxA,8/5/2019,7.63,
Wilmington-James.A.Loughlin(Northside.WWTP,PFHxA,8/5/2019,14.2,
Wilmington-M'Kean.Maffitt(Southside.WWTP,PFHxA,8/5/2019,14.8,
City.of.Durham-South.Durham.Water.Reclamation,PFHxA,8/5/2019,26.7,
Wilmington-James.A.Loughlin(Northside.WWTP,PFHxDA,8/5/2019,,1.87
Wilmington-M'Kean.Maffitt(Southside.WWTP,PFHxDA,8/5/2019,,1.89
City.of.Durham-South.Durham.Water.Reclamation,PFHxS,8/5/2019,,4.88
Durham.County.Triangle.Wastewater.Treatment.Plant,PFHxS,8/5/2019,,10.8
Wilmington-James.A.Loughlin(Northside.WWTP,PFHxS,8/5/2019,3.69,
Wilmington-M'Kean.Maffitt(Southside.WWTP,PFHxS,8/5/2019,3.6,
City.of.Raeford,PFHxS,8/5/2019,65.8,
Wilmington-James.A.Loughlin(Northside.WWTP,PFMOAA,8/5/2019,48,
Wilmington-M'Kean.Maffitt(Southside.WWTP,PFMOAA,8/5/2019,56.7,
Wilmington-James.A.Loughlin(Northside.WWTP,PFMOBA,8/5/2019,6.67,
Wilmington-M'Kean.Maffitt(Southside.WWTP,PFMOBA,8/5/2019,7.2,
Wilmington-James.A.Loughlin(Northside.WWTP,PFMOPrA,8/5/2019,,3.75
Wilmington-M'Kean.Maffitt(Southside.WWTP,PFMOPrA,8/5/2019,,3.77
City.of.Durham-South.Durham.Water.Reclamation,PFNA,8/5/2019,,4.88
Durham.County.Triangle.Wastewater.Treatment.Plant,PFNA,8/5/2019,,10.8
City.of.Raeford,PFNA,8/5/2019,,77
Wilmington-James.A.Loughlin(Northside.WWTP,PFNA,8/5/2019,0.861,
Wilmington-M'Kean.Maffitt(Southside.WWTP,PFNA,8/5/2019,0.952,
Wilmington-James.A.Loughlin(Northside.WWTP,PFNS,8/5/2019,,1.8
Wilmington-M'Kean.Maffitt(Southside.WWTP,PFNS,8/5/2019,,1.81
City.of.Durham-South.Durham.Water.Reclamation,PFNS,8/5/2019,,4.88
Durham.County.Triangle.Wastewater.Treatment.Plant,PFNS,8/5/2019,,10.8
City.of.Raeford,PFNS,8/5/2019,,77
Wilmington-James.A.Loughlin(Northside.WWTP,PFO2HxA,8/5/2019,36.5,
Wilmington-M'Kean.Maffitt(Southside.WWTP,PFO2HxA,8/5/2019,47.1,
Wilmington-James.A.Loughlin(Northside.WWTP,PFO3OA,8/5/2019,14,
Wilmington-M'Kean.Maffitt(Southside.WWTP,PFO3OA,8/5/2019,16.3,
Wilmington-James.A.Loughlin(Northside.WWTP,PFO4DA,8/5/2019,3.27,
Wilmington-M'Kean.Maffitt(Southside.WWTP,PFO4DA,8/5/2019,4.32,
City.of.Raeford,PFOA,8/5/2019,,77
Durham.County.Triangle.Wastewater.Treatment.Plant,PFOA,8/5/2019,5.74,
Wilmington-James.A.Loughlin(Northside.WWTP,PFOA,8/5/2019,7.46,
Wilmington-M'Kean.Maffitt(Southside.WWTP,PFOA,8/5/2019,6.5,
City.of.Durham-South.Durham.Water.Reclamation,PFOA,8/5/2019,22.1,
Durham.County.Triangle.Wastewater.Treatment.Plant,PFOS,8/5/2019,7.19,
Wilmington-James.A.Loughlin(Northside.WWTP,PFOS,8/5/2019,9.29,
Wilmington-M'Kean.Maffitt(Southside.WWTP,PFOS,8/5/2019,8.53,
City.of.Durham-South.Durham.Water.Reclamation,PFOS,8/5/2019,6.32,
City.of.Raeford,PFOS,8/5/2019,73.6,
City.of.Durham-South.Durham.Water.Reclamation,PFOSA,8/5/2019,,4.88
Wilmington-James.A.Loughlin(Northside.WWTP,PFOSA,8/5/2019,,8.71
Wilmington-M'Kean.Maffitt(Southside.WWTP,PFOSA,8/5/2019,,8.77
Durham.County.Triangle.Wastewater.Treatment.Plant,PFOSA,8/5/2019,,10.8
City.of.Raeford,PFOSA,8/5/2019,,77
Durham.County.Triangle.Wastewater.Treatment.Plant,PFPeA,8/5/2019,,10.8
City.of.Raeford,PFPeA,8/5/2019,,77
Wilmington-James.A.Loughlin(Northside.WWTP,PFPeA,8/5/2019,15.9,
Wilmington-M'Kean.Maffitt(Southside.WWTP,PFPeA,8/5/2019,17.3,
City.of.Durham-South.Durham.Water.Reclamation,PFPeA,8/5/2019,103,
Wilmington-James.A.Loughlin(Northside.WWTP,PFPeS,8/5/2019,,1.76
Wilmington-M'Kean.Maffitt(Southside.WWTP,PFPeS,8/5/2019,,1.77
City.of.Durham-South.Durham.Water.Reclamation,PFPeS,8/5/2019,,4.88
Durham.County.Triangle.Wastewater.Treatment.Plant,PFPeS,8/5/2019,,10.8
City.of.Raeford,PFPeS,8/5/2019,,77
Wilmington-James.A.Loughlin(Northside.WWTP,PFPrOPrA,8/5/2019,14.7,
Wilmington-M'Kean.Maffitt(Southside.WWTP,PFPrOPrA,8/5/2019,20.3,
City.of.Durham-South.Durham.Water.Reclamation,PFTeA,8/5/2019,,4.88
Wilmington-James.A.Loughlin(Northside.WWTP,PFTeA,8/5/2019,,9.37
Wilmington-M'Kean.Maffitt(Southside.WWTP,PFTeA,8/5/2019,,9.43
City.of.Raeford,PFTeA,8/5/2019,,380
Durham.County.Triangle.Wastewater.Treatment.Plant,PFTeA,8/5/2019,1.45,
City.of.Durham-South.Durham.Water.Reclamation,PFTriA,8/5/2019,,4.88
Wilmington-James.A.Loughlin(Northside.WWTP,PFTriA,8/5/2019,,9.37
Wilmington-M'Kean.Maffitt(Southside.WWTP,PFTriA,8/5/2019,,9.43
City.of.Raeford,PFTriA,8/5/2019,,380
Durham.County.Triangle.Wastewater.Treatment.Plant,PFTriA,8/5/2019,1.98,
Wilmington-James.A.Loughlin(Northside.WWTP,PFUnA,8/5/2019,,1.87
Wilmington-M'Kean.Maffitt(Southside.WWTP,PFUnA,8/5/2019,,1.89
City.of.Durham-South.Durham.Water.Reclamation,PFUnA,8/5/2019,,4.88
Durham.County.Triangle.Wastewater.Treatment.Plant,PFUnA,8/5/2019,,10.8
City.of.Raeford,PFUnA,8/5/2019,,380
Town.of.Burgaw.Collection.System,N.EtFOSAA,7/26/2019,3.7,
Town.of.Burgaw.Collection.System,N.MeFOSAA,7/26/2019,,3.67
Town.of.Burgaw.Collection.System,PFBA,7/26/2019,,1.84
Town.of.Burgaw.Collection.System,PFBS,7/26/2019,1.66,
Town.of.Burgaw.Collection.System,PFDA,7/26/2019,0.766,
Town.of.Burgaw.Collection.System,PFDoA,7/26/2019,,1.84
Town.of.Burgaw.Collection.System,PFDS,7/26/2019,,1.78
Town.of.Burgaw.Collection.System,PFHpA,7/26/2019,0.701,
Town.of.Burgaw.Collection.System,PFHpS,7/26/2019,,1.74
Town.of.Burgaw.Collection.System,PFHxA,7/26/2019,4.64,
Town.of.Burgaw.Collection.System,PFHxS,7/26/2019,0.782,
Town.of.Burgaw.Collection.System,PFNA,7/26/2019,0.926,
Town.of.Burgaw.Collection.System,PFNS,7/26/2019,,1.76
Town.of.Burgaw.Collection.System,PFOA,7/26/2019,1.14,
Town.of.Burgaw.Collection.System,PFOS,7/26/2019,2.3,
Town.of.Burgaw.Collection.System,PFOSA,7/26/2019,,1.71
Town.of.Burgaw.Collection.System,PFPeA,7/26/2019,,1.84
Town.of.Burgaw.Collection.System,PFPeS,7/26/2019,,1.73
Town.of.Burgaw.Collection.System,PFTeA,7/26/2019,,9.18
Town.of.Burgaw.Collection.System,PFTriA,7/26/2019,,9.18
Town.of.Burgaw.Collection.System,PFUnA,7/26/2019,,1.84
City.of.Randleman,4.2,7/24/2019,,
City.of.Randleman,6.2,7/24/2019,,
City.of.Randleman,8.2,7/24/2019,,
City.of.Randleman,HFPO.DA,7/24/2019,,
City.of.Randleman,N.EtFOSAA,7/24/2019,,0.222
Town.of.Holly.Springs,N.EtFOSAA,7/24/2019,,420
City.of.Randleman,N.MeFOSAA,7/24/2019,,0.222
Town.of.Holly.Springs,N.MeFOSAA,7/24/2019,,420
Town.of.Holly.Springs,HFPO.DA,7/24/2019,,21
City.of.Randleman,PFBA,7/24/2019,,0.222
Town.of.Holly.Springs,PFBA,7/24/2019,,10
City.of.Randleman,PFBS,7/24/2019,,0.222
Town.of.Holly.Springs,PFBS,7/24/2019,,9.2
Town.of.Holly.Springs,PFDA,7/24/2019,,210
City.of.Randleman,PFDA,7/24/2019,0.661,
City.of.Randleman,PFDoA,7/24/2019,,0.222
Town.of.Holly.Springs,PFDoA,7/24/2019,,210
City.of.Randleman,PFDS,7/24/2019,,0.222
Town.of.Holly.Springs,PFDS,7/24/2019,,200
Town.of.Holly.Springs,PFHpA,7/24/2019,13,
City.of.Randleman,PFHpA,7/24/2019,3.12,
City.of.Randleman,PFHpS,7/24/2019,,0.222
Town.of.Holly.Springs,PFHxA,7/24/2019,19,
City.of.Randleman,PFHxA,7/24/2019,8.36,
Town.of.Holly.Springs,PFHxDA,7/24/2019,,210
Town.of.Holly.Springs,PFHxS,7/24/2019,,9.8
City.of.Randleman,PFHxS,7/24/2019,6.07,
Town.of.Holly.Springs,PFNA,7/24/2019,,210
City.of.Randleman,PFNA,7/24/2019,1.04,
City.of.Randleman,PFNS,7/24/2019,,0.222
Town.of.Holly.Springs,PFOA,7/24/2019,,10
City.of.Randleman,PFOA,7/24/2019,5.7,
Town.of.Holly.Springs,PFODA,7/24/2019,,210
Town.of.Holly.Springs,PFOS,7/24/2019,,10
City.of.Randleman,PFOS,7/24/2019,7.54,
City.of.Randleman,PFOSA,7/24/2019,,0.337
City.of.Randleman,PFPeA,7/24/2019,,0.222
Town.of.Holly.Springs,PFPeA,7/24/2019,19,
City.of.Randleman,PFPeS,7/24/2019,,0.222
Town.of.Holly.Springs,PFPrOPrA,7/24/2019,,21
City.of.Randleman,PFTeA,7/24/2019,,0.222
Town.of.Holly.Springs,PFTeA,7/24/2019,,210
City.of.Randleman,PFTriA,7/24/2019,,0.222
Town.of.Holly.Springs,PFTriA,7/24/2019,,210
City.of.Randleman,PFUnA,7/24/2019,,0.222
Town.of.Holly.Springs,PFUnA,7/24/2019,,210
City.of.Graham,4.2,7/23/2019,,0.233
City.of.Graham,6.2,7/23/2019,3.19,
City.of.Graham,8.2,7/23/2019,0.769,
City.of.Graham,HFPO.DA,7/23/2019,,8.16
City.of.Graham,N.EtFOSAA,7/23/2019,,0.233
City.of.Graham,N.MeFOSAA,7/23/2019,,0.233
City.of.Graham,PFBA,7/23/2019,,0.233
City.of.Graham,PFBS,7/23/2019,,1.4
City.of.Graham,PFDA,7/23/2019,1.25,
City.of.Graham,PFDoA,7/23/2019,,0.233
City.of.Graham,PFDS,7/23/2019,,0.233
City.of.Graham,PFHpA,7/23/2019,,0.233
City.of.Graham,PFHpS,7/23/2019,,0.233
City.of.Graham,PFHxA,7/23/2019,,0.233
City.of.Graham,PFHxS,7/23/2019,,0.233
City.of.Graham,PFNA,7/23/2019,1.77,
City.of.Graham,PFNS,7/23/2019,,0.233
City.of.Graham,PFOA,7/23/2019,6.5,
City.of.Graham,PFOS,7/23/2019,,0.233
City.of.Graham,PFOSA,7/23/2019,,0.355
City.of.Graham,PFPeA,7/23/2019,65.6,
City.of.Graham,PFPeS,7/23/2019,,0.233
City.of.Graham,PFTeA,7/23/2019,,
City.of.Graham,PFTriA,7/23/2019,,0.233
City.of.Graham,PFUnA,7/23/2019,,0.233
Town.of.Rose.Hill.WWTP,N.EtFOSAA,7/22/2019,,
Town.of.Rose.Hill.WWTP,N.MeFOSAA,7/22/2019,,
Town.of.Rose.Hill.WWTP,Nafion.Byproduct.2,7/22/2019,,3.4
Town.of.Rose.Hill.WWTP,PFBA,7/22/2019,,8.49
Town.of.Rose.Hill.WWTP,PFBS,7/22/2019,,7.56
Town.of.Rose.Hill.WWTP,PFDA,7/22/2019,,1.7
Town.of.Rose.Hill.WWTP,PFDoA,7/22/2019,,
Town.of.Rose.Hill.WWTP,PFDS,7/22/2019,,
Town.of.Rose.Hill.WWTP,PFHpA,7/22/2019,2.24,
Town.of.Rose.Hill.WWTP,PFHpS,7/22/2019,,
Town.of.Rose.Hill.WWTP,PFHxA,7/22/2019,8.01,
Town.of.Rose.Hill.WWTP,PFHxS,7/22/2019,,1.55
Town.of.Rose.Hill.WWTP,PFMOAA,7/22/2019,,3.4
Town.of.Rose.Hill.WWTP,PFMOBA,7/22/2019,,3.4
Town.of.Rose.Hill.WWTP,PFMOPrA,7/22/2019,,3.4
Town.of.Rose.Hill.WWTP,PFNA,7/22/2019,0.91,
Town.of.Rose.Hill.WWTP,PFNS,7/22/2019,,
Town.of.Rose.Hill.WWTP,PFO2HxA,7/22/2019,,3.4
Town.of.Rose.Hill.WWTP,PFO3OA,7/22/2019,,3.4
Town.of.Rose.Hill.WWTP,PFO4DA,7/22/2019,,3.4
Town.of.Rose.Hill.WWTP,PFOA,7/22/2019,2.82,
Town.of.Rose.Hill.WWTP,PFOS,7/22/2019,6.06,
Town.of.Rose.Hill.WWTP,PFOSA,7/22/2019,,
Town.of.Rose.Hill.WWTP,PFPeA,7/22/2019,7.86,
Town.of.Rose.Hill.WWTP,PFPeS,7/22/2019,,
Town.of.Rose.Hill.WWTP,PFPrOPrA,7/22/2019,,1.7
Town.of.Rose.Hill.WWTP,PFTeA,7/22/2019,,
Town.of.Rose.Hill.WWTP,PFTriA,7/22/2019,,
Town.of.Rose.Hill.WWTP,PFUnA,7/22/2019,,
South.Burlington.WWTP,N.EtFOSAA,7/16/2019,,2.75
Fayetteville-Cross.Creek.WWTP,N.EtFOSAA,7/16/2019,,2.75
Fayetteville-Rockfish.Creek.WWTP,N.EtFOSAA,7/16/2019,,2.95
East.Burlington.WWTP,N.EtFOSAA,7/16/2019,8.37,
South.Burlington.WWTP,N.MeFOSAA,7/16/2019,,2.75
Fayetteville-Cross.Creek.WWTP,N.MeFOSAA,7/16/2019,,2.75
Fayetteville-Rockfish.Creek.WWTP,N.MeFOSAA,7/16/2019,,2.95
East.Burlington.WWTP,N.MeFOSAA,7/16/2019,16.6,
South.Burlington.WWTP,PFBA,7/16/2019,,2.75
Fayetteville-Rockfish.Creek.WWTP,PFBA,7/16/2019,,2.95
East.Burlington.WWTP,PFBA,7/16/2019,116,
Fayetteville-Cross.Creek.WWTP,PFBA,7/16/2019,21.3,
South.Burlington.WWTP,PFBS,7/16/2019,,2.75
Fayetteville-Cross.Creek.WWTP,PFBS,7/16/2019,,2.75
Fayetteville-Rockfish.Creek.WWTP,PFBS,7/16/2019,,2.95
East.Burlington.WWTP,PFBS,7/16/2019,49.5,
South.Burlington.WWTP,PFDA,7/16/2019,,2.75
Fayetteville-Rockfish.Creek.WWTP,PFDA,7/16/2019,1.23,
East.Burlington.WWTP,PFDA,7/16/2019,20.8,
Fayetteville-Cross.Creek.WWTP,PFDA,7/16/2019,2.97,
South.Burlington.WWTP,PFDoA,7/16/2019,,2.75
Fayetteville-Cross.Creek.WWTP,PFDoA,7/16/2019,,2.75
Fayetteville-Rockfish.Creek.WWTP,PFDoA,7/16/2019,,2.95
East.Burlington.WWTP,PFDoA,7/16/2019,4.86,
East.Burlington.WWTP,PFDS,7/16/2019,,2.62
South.Burlington.WWTP,PFDS,7/16/2019,,2.75
Fayetteville-Cross.Creek.WWTP,PFDS,7/16/2019,,2.75
Fayetteville-Rockfish.Creek.WWTP,PFDS,7/16/2019,,2.95
East.Burlington.WWTP,PFHpA,7/16/2019,873,
South.Burlington.WWTP,PFHpA,7/16/2019,4.62,
Fayetteville-Cross.Creek.WWTP,PFHpA,7/16/2019,11.9,
Fayetteville-Rockfish.Creek.WWTP,PFHpA,7/16/2019,8.63,
East.Burlington.WWTP,PFHpS,7/16/2019,,2.62
South.Burlington.WWTP,PFHpS,7/16/2019,,2.75
Fayetteville-Cross.Creek.WWTP,PFHpS,7/16/2019,,2.75
Fayetteville-Rockfish.Creek.WWTP,PFHpS,7/16/2019,,2.95
East.Burlington.WWTP,PFHxA,7/16/2019,511,
South.Burlington.WWTP,PFHxA,7/16/2019,13.9,
Fayetteville-Cross.Creek.WWTP,PFHxA,7/16/2019,35.5,
Fayetteville-Rockfish.Creek.WWTP,PFHxA,7/16/2019,20,
East.Burlington.WWTP,PFHxS,7/16/2019,,2.62
South.Burlington.WWTP,PFHxS,7/16/2019,,2.75
Fayetteville-Cross.Creek.WWTP,PFHxS,7/16/2019,20.4,
Fayetteville-Rockfish.Creek.WWTP,PFHxS,7/16/2019,12.1,
South.Burlington.WWTP,PFNA,7/16/2019,,2.75
Fayetteville-Cross.Creek.WWTP,PFNA,7/16/2019,1.77,
Fayetteville-Rockfish.Creek.WWTP,PFNA,7/16/2019,1.28,
East.Burlington.WWTP,PFNA,7/16/2019,11.7,
East.Burlington.WWTP,PFNS,7/16/2019,,2.62
South.Burlington.WWTP,PFNS,7/16/2019,,2.75
Fayetteville-Cross.Creek.WWTP,PFNS,7/16/2019,,2.75
Fayetteville-Rockfish.Creek.WWTP,PFNS,7/16/2019,,2.95
East.Burlington.WWTP,PFOA,7/16/2019,73,
South.Burlington.WWTP,PFOA,7/16/2019,13.2,
Fayetteville-Cross.Creek.WWTP,PFOA,7/16/2019,18.2,
Fayetteville-Rockfish.Creek.WWTP,PFOA,7/16/2019,10.9,
East.Burlington.WWTP,PFOS,7/16/2019,49.8,
South.Burlington.WWTP,PFOS,7/16/2019,20.2,
Fayetteville-Cross.Creek.WWTP,PFOS,7/16/2019,26.9,
Fayetteville-Rockfish.Creek.WWTP,PFOS,7/16/2019,19.6,
East.Burlington.WWTP,PFOSA,7/16/2019,,2.62
South.Burlington.WWTP,PFOSA,7/16/2019,,2.75
Fayetteville-Cross.Creek.WWTP,PFOSA,7/16/2019,,2.75
Fayetteville-Rockfish.Creek.WWTP,PFOSA,7/16/2019,,2.95
East.Burlington.WWTP,PFPeA,7/16/2019,374,
South.Burlington.WWTP,PFPeA,7/16/2019,35.6,
Fayetteville-Cross.Creek.WWTP,PFPeA,7/16/2019,30,
Fayetteville-Rockfish.Creek.WWTP,PFPeA,7/16/2019,24.7,
East.Burlington.WWTP,PFPeS,7/16/2019,,2.62
South.Burlington.WWTP,PFPeS,7/16/2019,,2.75
Fayetteville-Cross.Creek.WWTP,PFPeS,7/16/2019,,2.75
Fayetteville-Rockfish.Creek.WWTP,PFPeS,7/16/2019,,2.95
East.Burlington.WWTP,PFTeA,7/16/2019,,2.62
South.Burlington.WWTP,PFTeA,7/16/2019,,2.75
Fayetteville-Cross.Creek.WWTP,PFTeA,7/16/2019,,2.75
Fayetteville-Rockfish.Creek.WWTP,PFTeA,7/16/2019,,2.95
East.Burlington.WWTP,PFTriA,7/16/2019,,2.62
South.Burlington.WWTP,PFTriA,7/16/2019,,2.75
Fayetteville-Cross.Creek.WWTP,PFTriA,7/16/2019,,2.75
Fayetteville-Rockfish.Creek.WWTP,PFTriA,7/16/2019,,2.95
South.Burlington.WWTP,PFUnA,7/16/2019,,2.75
Fayetteville-Cross.Creek.WWTP,PFUnA,7/16/2019,,2.75
Fayetteville-Rockfish.Creek.WWTP,PFUnA,7/16/2019,,2.95
East.Burlington.WWTP,PFUnA,7/16/2019,4.97,
City.of.Raeford,4.2,7/15/2019,,240
City.of.Raeford,N.EtFOSAA,7/15/2019,,590
City.of.Raeford,N.MeFOSAA,7/15/2019,,590
City.of.Raeford,PFBA,7/15/2019,,240
City.of.Raeford,PFBS,7/15/2019,,120
City.of.Raeford,PFDA,7/15/2019,,120
City.of.Raeford,PFDoA,7/15/2019,,120
City.of.Raeford,PFDS,7/15/2019,,120
City.of.Raeford,PFHpA,7/15/2019,,120
City.of.Raeford,PFHpS,7/15/2019,,120
City.of.Raeford,PFHxA,7/15/2019,,120
City.of.Raeford,PFHxS,7/15/2019,,120
City.of.Raeford,PFNA,7/15/2019,,120
City.of.Raeford,PFNS,7/15/2019,,120
City.of.Raeford,PFOA,7/15/2019,,120
City.of.Raeford,PFOS,7/15/2019,,120
City.of.Raeford,PFOSA,7/15/2019,,120
City.of.Raeford,PFPeA,7/15/2019,,120
City.of.Raeford,PFPeS,7/15/2019,,120
City.of.Raeford,PFTeA,7/15/2019,,120
City.of.Raeford,PFTriA,7/15/2019,,120
City.of.Raeford,PFUnA,7/15/2019,,240
Wallace.Regional.WWTP,N.EtFOSAA,7/11/2019,,1.17
Cit.of.Clinton-Norman.H.Larkins.WWTP,N.EtFOSAA,7/11/2019,,3.67
Cit.of.Clinton-Norman.H.Larkins.WWTP,N.MeFOSAA,7/11/2019,,3.67
Wallace.Regional.WWTP,N.MeFOSAA,7/11/2019,1.18,
Cit.of.Clinton-Norman.H.Larkins.WWTP,PFBA,7/11/2019,,9.17
Wallace.Regional.WWTP,PFBA,7/11/2019,3.41,
Cit.of.Clinton-Norman.H.Larkins.WWTP,PFBS,7/11/2019,1.12,
Wallace.Regional.WWTP,PFBS,7/11/2019,3.22,
Cit.of.Clinton-Norman.H.Larkins.WWTP,PFDA,7/11/2019,,1.83
Wallace.Regional.WWTP,PFDA,7/11/2019,0.789,
Wallace.Regional.WWTP,PFDoA,7/11/2019,,1.77
Cit.of.Clinton-Norman.H.Larkins.WWTP,PFDoA,7/11/2019,,1.83
Wallace.Regional.WWTP,PFDS,7/11/2019,,1.71
Cit.of.Clinton-Norman.H.Larkins.WWTP,PFDS,7/11/2019,,1.78
Cit.of.Clinton-Norman.H.Larkins.WWTP,PFHpA,7/11/2019,1.17,
Wallace.Regional.WWTP,PFHpA,7/11/2019,1.03,
Wallace.Regional.WWTP,PFHpS,7/11/2019,,1.68
Cit.of.Clinton-Norman.H.Larkins.WWTP,PFHpS,7/11/2019,,1.74
Cit.of.Clinton-Norman.H.Larkins.WWTP,PFHxA,7/11/2019,10.7,
Wallace.Regional.WWTP,PFHxA,7/11/2019,6.9,
Cit.of.Clinton-Norman.H.Larkins.WWTP,PFHxS,7/11/2019,,1.67
Wallace.Regional.WWTP,PFHxS,7/11/2019,0.808,
Wallace.Regional.WWTP,PFNA,7/11/2019,,1.77
Cit.of.Clinton-Norman.H.Larkins.WWTP,PFNA,7/11/2019,,1.83
Wallace.Regional.WWTP,PFNS,7/11/2019,,1.7
Cit.of.Clinton-Norman.H.Larkins.WWTP,PFNS,7/11/2019,,1.76
Cit.of.Clinton-Norman.H.Larkins.WWTP,PFOA,7/11/2019,2.19,
Wallace.Regional.WWTP,PFOA,7/11/2019,2.96,
Cit.of.Clinton-Norman.H.Larkins.WWTP,PFOS,7/11/2019,2.29,
Wallace.Regional.WWTP,PFOS,7/11/2019,4.78,
Wallace.Regional.WWTP,PFOSA,7/11/2019,,1.64
Cit.of.Clinton-Norman.H.Larkins.WWTP,PFOSA,7/11/2019,,1.71
Cit.of.Clinton-Norman.H.Larkins.WWTP,PFPeA,7/11/2019,5.42,
Wallace.Regional.WWTP,PFPeA,7/11/2019,6.26,
Cit.of.Clinton-Norman.H.Larkins.WWTP,PFPeS,7/11/2019,,1.72
Wallace.Regional.WWTP,PFPeS,7/11/2019,1.05,
Wallace.Regional.WWTP,PFTeA,7/11/2019,,8.83
Cit.of.Clinton-Norman.H.Larkins.WWTP,PFTeA,7/11/2019,,9.17
Wallace.Regional.WWTP,PFTriA,7/11/2019,,8.83
Cit.of.Clinton-Norman.H.Larkins.WWTP,PFTriA,7/11/2019,,9.17
Wallace.Regional.WWTP,PFUnA,7/11/2019,,1.77
Cit.of.Clinton-Norman.H.Larkins.WWTP,PFUnA,7/11/2019,,1.83
City.of.Asheboro.WWTP,HFPO.DA,7/10/2019,,
City.of.Asheboro.WWTP,N.EtFOSAA,7/10/2019,,2.54
City.of.Asheboro.WWTP,N.MeFOSAA,7/10/2019,,2.54
City.of.Asheboro.WWTP,PFBA,7/10/2019,,2.54
City.of.Asheboro.WWTP,PFBS,7/10/2019,,2.54
City.of.Asheboro.WWTP,PFDA,7/10/2019,,2.54
City.of.Asheboro.WWTP,PFDoA,7/10/2019,,2.54
City.of.Asheboro.WWTP,PFDS,7/10/2019,,2.54
City.of.Asheboro.WWTP,PFHpA,7/10/2019,4.62,
City.of.Asheboro.WWTP,PFHpS,7/10/2019,,2.54
City.of.Asheboro.WWTP,PFHxA,7/10/2019,8.74,
City.of.Asheboro.WWTP,PFHxS,7/10/2019,,2.54
City.of.Asheboro.WWTP,PFNA,7/10/2019,,2.54
City.of.Asheboro.WWTP,PFNS,7/10/2019,,2.54
City.of.Asheboro.WWTP,PFOA,7/10/2019,9.47,
City.of.Asheboro.WWTP,PFOS,7/10/2019,19.8,
City.of.Asheboro.WWTP,PFOSA,7/10/2019,,2.57
City.of.Asheboro.WWTP,PFPeA,7/10/2019,25.8,
City.of.Asheboro.WWTP,PFPeS,7/10/2019,,2.54
City.of.Asheboro.WWTP,PFTeA,7/10/2019,,2.54
City.of.Asheboro.WWTP,PFTriA,7/10/2019,,2.54
City.of.Asheboro.WWTP,PFUnA,7/10/2019,,2.54
Wilmington-James.A.Loughlin(Northside.WWTP,4.2,7/9/2019,,16.8
Wilmington-M'Kean.Maffitt(Southside.WWTP,4.2,7/9/2019,,81.7
Wilmington-James.A.Loughlin(Northside.WWTP,6.2,7/9/2019,,17
Wilmington-M'Kean.Maffitt(Southside.WWTP,6.2,7/9/2019,,82.5
Wilmington-M'Kean.Maffitt(Southside.WWTP,8.2,7/9/2019,,3.34
Wilmington-James.A.Loughlin(Northside.WWTP,8.2,7/9/2019,,3.43
Wilmington-M'Kean.Maffitt(Southside.WWTP,10.2,7/9/2019,,3.34
Wilmington-James.A.Loughlin(Northside.WWTP,10.2,7/9/2019,,3.43
Wilmington-M'Kean.Maffitt(Southside.WWTP,ADONA,7/9/2019,,1.74
Wilmington-James.A.Loughlin(Northside.WWTP,ADONA,7/9/2019,,1.79
Wilmington-M'Kean.Maffitt(Southside.WWTP,N.EtFOSA,7/9/2019,,3.47
Wilmington-James.A.Loughlin(Northside.WWTP,N.EtFOSA,7/9/2019,,3.57
Wilmington-James.A.Loughlin(Northside.WWTP,N.EtFOSAA,7/9/2019,,1.68
Cary.Western.Wake.Regional.Water.Reclamation.Facility,N.EtFOSAA,7/9/2019,,2.5
City.of.Reidsville,N.EtFOSAA,7/9/2019,,2.54
City.of.Mebane.WWTP,N.EtFOSAA,7/9/2019,,2.7
Wilmington-M'Kean.Maffitt(Southside.WWTP,N.EtFOSAA,7/9/2019,,3.47
Cary.Western.Wake.Regional.Water.Reclamation.Facility,N.MeFOSAA,7/9/2019,,2.5
City.of.Reidsville,N.MeFOSAA,7/9/2019,,2.54
City.of.Mebane.WWTP,N.MeFOSAA,7/9/2019,,2.7
Wilmington-M'Kean.Maffitt(Southside.WWTP,N.MeFOSAA,7/9/2019,,17.4
Wilmington-James.A.Loughlin(Northside.WWTP,N.MeFOSAA,7/9/2019,,17.9
Wilmington-M'Kean.Maffitt(Southside.WWTP,Nafion.Byproduct.1,7/9/2019,,3.47
Wilmington-James.A.Loughlin(Northside.WWTP,Nafion.Byproduct.1,7/9/2019,,3.57
Wilmington-James.A.Loughlin(Northside.WWTP,Nafion.Byproduct.2,7/9/2019,,3.57
Wilmington-M'Kean.Maffitt(Southside.WWTP,Nafion.Byproduct.2,7/9/2019,1.57,
Wilmington-James.A.Loughlin(Northside.WWTP,N.EtFOSE,7/9/2019,,1.79
Wilmington-M'Kean.Maffitt(Southside.WWTP,N.EtFOSE,7/9/2019,,8.69
Wilmington-M'Kean.Maffitt(Southside.WWTP,N.MeFOSA,7/9/2019,,17.4
Wilmington-James.A.Loughlin(Northside.WWTP,N.MeFOSA,7/9/2019,,17.9
Wilmington-James.A.Loughlin(Northside.WWTP,N.MeFOSE,7/9/2019,,1.79
Wilmington-M'Kean.Maffitt(Southside.WWTP,N.MeFOSE,7/9/2019,,8.69
Wilmington-M'Kean.Maffitt(Southside.WWTP,PF3ONS,7/9/2019,,1.62
Wilmington-James.A.Loughlin(Northside.WWTP,PF3ONS,7/9/2019,,1.66
Wilmington-M'Kean.Maffitt(Southside.WWTP,PF3OUdS,7/9/2019,,3.27
Wilmington-James.A.Loughlin(Northside.WWTP,PF3OUdS,7/9/2019,,3.36
City.of.Reidsville,PFBA,7/9/2019,,2.54
City.of.Mebane.WWTP,PFBA,7/9/2019,,2.7
Wilmington-James.A.Loughlin(Northside.WWTP,PFBA,7/9/2019,4.22,
Wilmington-M'Kean.Maffitt(Southside.WWTP,PFBA,7/9/2019,4.28,
Cary.Western.Wake.Regional.Water.Reclamation.Facility,PFBA,7/9/2019,15,
Cary.Western.Wake.Regional.Water.Reclamation.Facility,PFBS,7/9/2019,,1.1
City.of.Reidsville,PFBS,7/9/2019,,2.54
City.of.Mebane.WWTP,PFBS,7/9/2019,,2.7
Wilmington-James.A.Loughlin(Northside.WWTP,PFBS,7/9/2019,12.3,
Wilmington-M'Kean.Maffitt(Southside.WWTP,PFBS,7/9/2019,6.83,
Wilmington-M'Kean.Maffitt(Southside.WWTP,PFDA,7/9/2019,,1.74
Wilmington-James.A.Loughlin(Northside.WWTP,PFDA,7/9/2019,1.28,
Cary.Western.Wake.Regional.Water.Reclamation.Facility,PFDA,7/9/2019,1.1,
City.of.Mebane.WWTP,PFDA,7/9/2019,5.16,
City.of.Reidsville,PFDA,7/9/2019,3.47,
Cary.Western.Wake.Regional.Water.Reclamation.Facility,PFDoA,7/9/2019,,1.2
Wilmington-M'Kean.Maffitt(Southside.WWTP,PFDoA,7/9/2019,,1.74
Wilmington-James.A.Loughlin(Northside.WWTP,PFDoA,7/9/2019,,1.79
City.of.Reidsville,PFDoA,7/9/2019,,2.54
City.of.Mebane.WWTP,PFDoA,7/9/2019,,2.7
Wilmington-M'Kean.Maffitt(Southside.WWTP,PFDS,7/9/2019,,1.69
Wilmington-James.A.Loughlin(Northside.WWTP,PFDS,7/9/2019,,1.73
Cary.Western.Wake.Regional.Water.Reclamation.Facility,PFDS,7/9/2019,,2.4
City.of.Reidsville,PFDS,7/9/2019,,2.54
City.of.Mebane.WWTP,PFDS,7/9/2019,,2.7
Wilmington-M'Kean.Maffitt(Southside.WWTP,PFECA.G,7/9/2019,,3.47
Wilmington-James.A.Loughlin(Northside.WWTP,PFECA.G,7/9/2019,,3.57
Wilmington-James.A.Loughlin(Northside.WWTP,PFHpA,7/9/2019,4.79,
Wilmington-M'Kean.Maffitt(Southside.WWTP,PFHpA,7/9/2019,4.8,
Cary.Western.Wake.Regional.Water.Reclamation.Facility,PFHpA,7/9/2019,3.6,
City.of.Mebane.WWTP,PFHpA,7/9/2019,5.84,
City.of.Reidsville,PFHpA,7/9/2019,7.34,
Cary.Western.Wake.Regional.Water.Reclamation.Facility,PFHpS,7/9/2019,,1.1
Wilmington-M'Kean.Maffitt(Southside.WWTP,PFHpS,7/9/2019,,1.65
Wilmington-James.A.Loughlin(Northside.WWTP,PFHpS,7/9/2019,,1.7
City.of.Reidsville,PFHpS,7/9/2019,,2.54
City.of.Mebane.WWTP,PFHpS,7/9/2019,,2.7
Wilmington-James.A.Loughlin(Northside.WWTP,PFHxA,7/9/2019,14,
Wilmington-M'Kean.Maffitt(Southside.WWTP,PFHxA,7/9/2019,13,
Cary.Western.Wake.Regional.Water.Reclamation.Facility,PFHxA,7/9/2019,15,
City.of.Mebane.WWTP,PFHxA,7/9/2019,28,
City.of.Reidsville,PFHxA,7/9/2019,68.3,
Wilmington-M'Kean.Maffitt(Southside.WWTP,PFHxDA,7/9/2019,,1.74
Wilmington-James.A.Loughlin(Northside.WWTP,PFHxDA,7/9/2019,,1.79
Cary.Western.Wake.Regional.Water.Reclamation.Facility,PFHxS,7/9/2019,,1.1
City.of.Reidsville,PFHxS,7/9/2019,,2.54
City.of.Mebane.WWTP,PFHxS,7/9/2019,,2.7
Wilmington-James.A.Loughlin(Northside.WWTP,PFHxS,7/9/2019,3.78,
Wilmington-M'Kean.Maffitt(Southside.WWTP,PFHxS,7/9/2019,3.41,
Wilmington-James.A.Loughlin(Northside.WWTP,PFMOAA,7/9/2019,43.1,
Wilmington-M'Kean.Maffitt(Southside.WWTP,PFMOAA,7/9/2019,52,
Wilmington-M'Kean.Maffitt(Southside.WWTP,PFMOBA,7/9/2019,,3.47
Wilmington-James.A.Loughlin(Northside.WWTP,PFMOBA,7/9/2019,,3.57
Wilmington-M'Kean.Maffitt(Southside.WWTP,PFMOPrA,7/9/2019,,3.47
Wilmington-James.A.Loughlin(Northside.WWTP,PFMOPrA,7/9/2019,13.8,
City.of.Mebane.WWTP,PFNA,7/9/2019,,2.7
Wilmington-James.A.Loughlin(Northside.WWTP,PFNA,7/9/2019,1.27,
Wilmington-M'Kean.Maffitt(Southside.WWTP,PFNA,7/9/2019,0.683,
Cary.Western.Wake.Regional.Water.Reclamation.Facility,PFNA,7/9/2019,0.41,
City.of.Reidsville,PFNA,7/9/2019,2.68,
Wilmington-M'Kean.Maffitt(Southside.WWTP,PFNS,7/9/2019,,1.67
Wilmington-James.A.Loughlin(Northside.WWTP,PFNS,7/9/2019,,1.71
Cary.Western.Wake.Regional.Water.Reclamation.Facility,PFNS,7/9/2019,,2.4
City.of.Reidsville,PFNS,7/9/2019,,2.54
City.of.Mebane.WWTP,PFNS,7/9/2019,,2.7
Wilmington-James.A.Loughlin(Northside.WWTP,PFO2HxA,7/9/2019,29.7,
Wilmington-M'Kean.Maffitt(Southside.WWTP,PFO2HxA,7/9/2019,36,
Wilmington-James.A.Loughlin(Northside.WWTP,PFO3OA,7/9/2019,12.9,
Wilmington-M'Kean.Maffitt(Southside.WWTP,PFO3OA,7/9/2019,15,
Wilmington-James.A.Loughlin(Northside.WWTP,PFO4DA,7/9/2019,2.61,
Wilmington-M'Kean.Maffitt(Southside.WWTP,PFO4DA,7/9/2019,4.27,
Wilmington-James.A.Loughlin(Northside.WWTP,PFOA,7/9/2019,6.61,
Wilmington-M'Kean.Maffitt(Southside.WWTP,PFOA,7/9/2019,4.89,
Cary.Western.Wake.Regional.Water.Reclamation.Facility,PFOA,7/9/2019,4.4,
City.of.Mebane.WWTP,PFOA,7/9/2019,17.4,
City.of.Reidsville,PFOA,7/9/2019,19.9,
Cary.Western.Wake.Regional.Water.Reclamation.Facility,PFOS,7/9/2019,,1.2
Wilmington-James.A.Loughlin(Northside.WWTP,PFOS,7/9/2019,8.83,
Wilmington-M'Kean.Maffitt(Southside.WWTP,PFOS,7/9/2019,13.4,
City.of.Mebane.WWTP,PFOS,7/9/2019,11.4,
City.of.Reidsville,PFOS,7/9/2019,17.3,
Wilmington-M'Kean.Maffitt(Southside.WWTP,PFOSA,7/9/2019,,1.62
Wilmington-James.A.Loughlin(Northside.WWTP,PFOSA,7/9/2019,,1.66
City.of.Reidsville,PFOSA,7/9/2019,,2.57
City.of.Mebane.WWTP,PFOSA,7/9/2019,,2.74
Cary.Western.Wake.Regional.Water.Reclamation.Facility,PFOSA,7/9/2019,,3
City.of.Reidsville,PFPeA,7/9/2019,,2.54
City.of.Mebane.WWTP,PFPeA,7/9/2019,,2.7
Wilmington-James.A.Loughlin(Northside.WWTP,PFPeA,7/9/2019,15.6,
Wilmington-M'Kean.Maffitt(Southside.WWTP,PFPeA,7/9/2019,15.1,
Cary.Western.Wake.Regional.Water.Reclamation.Facility,PFPeA,7/9/2019,15,
Cary.Western.Wake.Regional.Water.Reclamation.Facility,PFPeS,7/9/2019,,1.1
Wilmington-M'Kean.Maffitt(Southside.WWTP,PFPeS,7/9/2019,,1.63
Wilmington-James.A.Loughlin(Northside.WWTP,PFPeS,7/9/2019,,1.68
City.of.Reidsville,PFPeS,7/9/2019,,2.54
City.of.Mebane.WWTP,PFPeS,7/9/2019,,2.7
Wilmington-James.A.Loughlin(Northside.WWTP,PFPrOPrA,7/9/2019,10.5,
Wilmington-M'Kean.Maffitt(Southside.WWTP,PFPrOPrA,7/9/2019,11.7,
Cary.Western.Wake.Regional.Water.Reclamation.Facility,PFTeA,7/9/2019,,1.2
City.of.Reidsville,PFTeA,7/9/2019,,2.54
City.of.Mebane.WWTP,PFTeA,7/9/2019,,2.7
Wilmington-M'Kean.Maffitt(Southside.WWTP,PFTeA,7/9/2019,,8.69
Wilmington-James.A.Loughlin(Northside.WWTP,PFTeA,7/9/2019,,8.93
Cary.Western.Wake.Regional.Water.Reclamation.Facility,PFTriA,7/9/2019,,1.2
City.of.Reidsville,PFTriA,7/9/2019,,2.54
City.of.Mebane.WWTP,PFTriA,7/9/2019,,2.7
Wilmington-M'Kean.Maffitt(Southside.WWTP,PFTriA,7/9/2019,,8.69
Wilmington-James.A.Loughlin(Northside.WWTP,PFTriA,7/9/2019,,8.93
Cary.Western.Wake.Regional.Water.Reclamation.Facility,PFUnA,7/9/2019,,1.2
Wilmington-M'Kean.Maffitt(Southside.WWTP,PFUnA,7/9/2019,,1.74
Wilmington-James.A.Loughlin(Northside.WWTP,PFUnA,7/9/2019,,1.79
City.of.Reidsville,PFUnA,7/9/2019,,2.54
City.of.Mebane.WWTP,PFUnA,7/9/2019,,2.7
Town.of.Ramseur.WWTP,4.2,7/8/2019,,0.311
Sanford-Big.Buffalo.Creek.WWTP,4.2,7/8/2019,,0.316
Northeast.Brunswick.Regional,4.2,7/8/2019,,0.323
North.Harnett.Regional,4.2,7/8/2019,,
Town.of.Ramseur.WWTP,6.2,7/8/2019,,0.311
Northeast.Brunswick.Regional,6.2,7/8/2019,0.944,
North.Harnett.Regional,6.2,7/8/2019,,
Sanford-Big.Buffalo.Creek.WWTP,6.2,7/8/2019,80,
Town.of.Ramseur.WWTP,8.2,7/8/2019,,0.311
Northeast.Brunswick.Regional,8.2,7/8/2019,1.67,
North.Harnett.Regional,8.2,7/8/2019,,
Sanford-Big.Buffalo.Creek.WWTP,8.2,7/8/2019,1.78,
Town.of.Ramseur.WWTP,HFPO.DA,7/8/2019,,10.9
Sanford-Big.Buffalo.Creek.WWTP,HFPO.DA,7/8/2019,,11.06
Northeast.Brunswick.Regional,HFPO.DA,7/8/2019,,11.3
City.of.Durham-South.Durham.Water.Reclamation,HFPO.DA,7/8/2019,,43.07
North.Harnett.Regional,HFPO.DA,7/8/2019,,43.79
Town.of.Ramseur.WWTP,N.EtFOSAA,7/8/2019,,0.311
Sanford-Big.Buffalo.Creek.WWTP,N.EtFOSAA,7/8/2019,,0.316
Northeast.Brunswick.Regional,N.EtFOSAA,7/8/2019,,0.323
City.of.Durham-South.Durham.Water.Reclamation,N.EtFOSAA,7/8/2019,,1.23
Siler.City.Waste.Water.Treatment.Plant,N.EtFOSAA,7/8/2019,,2.52
City.of.High.Point.Eastside.WWTP,N.EtFOSAA,7/8/2019,,2.67
Durham.County.Triangle.Wastewater.Treatment.Plant,N.EtFOSAA,7/8/2019,,2.88
Greensboro-TZ.Osborne.WRF,N.EtFOSAA,7/8/2019,,4.1
North.Harnett.Regional,N.EtFOSAA,7/8/2019,,
Town.of.Ramseur.WWTP,N.MeFOSAA,7/8/2019,,0.311
Sanford-Big.Buffalo.Creek.WWTP,N.MeFOSAA,7/8/2019,,0.316
Northeast.Brunswick.Regional,N.MeFOSAA,7/8/2019,,0.323
City.of.Durham-South.Durham.Water.Reclamation,N.MeFOSAA,7/8/2019,,1.23
North.Harnett.Regional,N.MeFOSAA,7/8/2019,,1.25
Siler.City.Waste.Water.Treatment.Plant,N.MeFOSAA,7/8/2019,,2.52
City.of.High.Point.Eastside.WWTP,N.MeFOSAA,7/8/2019,,2.67
Durham.County.Triangle.Wastewater.Treatment.Plant,N.MeFOSAA,7/8/2019,,2.88
Greensboro-TZ.Osborne.WRF,N.MeFOSAA,7/8/2019,,4.1
Town.of.Ramseur.WWTP,PFBA,7/8/2019,,0.311
City.of.Durham-South.Durham.Water.Reclamation,PFBA,7/8/2019,,1.23
North.Harnett.Regional,PFBA,7/8/2019,,1.25
Siler.City.Waste.Water.Treatment.Plant,PFBA,7/8/2019,,2.52
City.of.High.Point.Eastside.WWTP,PFBA,7/8/2019,,2.67
Durham.County.Triangle.Wastewater.Treatment.Plant,PFBA,7/8/2019,,2.88
Northeast.Brunswick.Regional,PFBA,7/8/2019,10.6,
Greensboro-TZ.Osborne.WRF,PFBA,7/8/2019,3.1,
Sanford-Big.Buffalo.Creek.WWTP,PFBA,7/8/2019,12.1,
Town.of.Ramseur.WWTP,PFBS,7/8/2019,,0.311
Sanford-Big.Buffalo.Creek.WWTP,PFBS,7/8/2019,,0.316
Northeast.Brunswick.Regional,PFBS,7/8/2019,,0.323
City.of.Durham-South.Durham.Water.Reclamation,PFBS,7/8/2019,,1.23
Siler.City.Waste.Water.Treatment.Plant,PFBS,7/8/2019,,2.52
City.of.High.Point.Eastside.WWTP,PFBS,7/8/2019,,2.67
Durham.County.Triangle.Wastewater.Treatment.Plant,PFBS,7/8/2019,,2.88
Greensboro-TZ.Osborne.WRF,PFBS,7/8/2019,2.5,
North.Harnett.Regional,PFBS,7/8/2019,4.65,
City.of.Durham-South.Durham.Water.Reclamation,PFDA,7/8/2019,,1.23
Siler.City.Waste.Water.Treatment.Plant,PFDA,7/8/2019,,2.52
City.of.High.Point.Eastside.WWTP,PFDA,7/8/2019,,2.67
Durham.County.Triangle.Wastewater.Treatment.Plant,PFDA,7/8/2019,1.87,
North.Harnett.Regional,PFDA,7/8/2019,1.04,
Northeast.Brunswick.Regional,PFDA,7/8/2019,2.45,
Greensboro-TZ.Osborne.WRF,PFDA,7/8/2019,2.9,
Town.of.Ramseur.WWTP,PFDA,7/8/2019,0.586,
Sanford-Big.Buffalo.Creek.WWTP,PFDA,7/8/2019,1.86,
Town.of.Ramseur.WWTP,PFDoA,7/8/2019,,0.311
Sanford-Big.Buffalo.Creek.WWTP,PFDoA,7/8/2019,,0.316
Northeast.Brunswick.Regional,PFDoA,7/8/2019,,0.323
City.of.Durham-South.Durham.Water.Reclamation,PFDoA,7/8/2019,,1.23
Siler.City.Waste.Water.Treatment.Plant,PFDoA,7/8/2019,,2.52
Greensboro-TZ.Osborne.WRF,PFDoA,7/8/2019,,2.56
Durham.County.Triangle.Wastewater.Treatment.Plant,PFDoA,7/8/2019,,2.88
North.Harnett.Regional,PFDoA,7/8/2019,0.62,
Town.of.Ramseur.WWTP,PFDS,7/8/2019,,0.311
Sanford-Big.Buffalo.Creek.WWTP,PFDS,7/8/2019,,0.316
Northeast.Brunswick.Regional,PFDS,7/8/2019,,0.323
City.of.Durham-South.Durham.Water.Reclamation,PFDS,7/8/2019,,1.23
North.Harnett.Regional,PFDS,7/8/2019,,1.25
Siler.City.Waste.Water.Treatment.Plant,PFDS,7/8/2019,,2.52
Greensboro-TZ.Osborne.WRF,PFDS,7/8/2019,,2.56
City.of.High.Point.Eastside.WWTP,PFDS,7/8/2019,,2.67
Durham.County.Triangle.Wastewater.Treatment.Plant,PFDS,7/8/2019,,2.88
Siler.City.Waste.Water.Treatment.Plant,PFHpA,7/8/2019,2.1,
Northeast.Brunswick.Regional,PFHpA,7/8/2019,11.7,
City.of.Durham-South.Durham.Water.Reclamation,PFHpA,7/8/2019,5.45,
Durham.County.Triangle.Wastewater.Treatment.Plant,PFHpA,7/8/2019,3.4,
Greensboro-TZ.Osborne.WRF,PFHpA,7/8/2019,6.5,
North.Harnett.Regional,PFHpA,7/8/2019,14.9,
City.of.High.Point.Eastside.WWTP,PFHpA,7/8/2019,6.62,
Town.of.Ramseur.WWTP,PFHpA,7/8/2019,1.24,
Sanford-Big.Buffalo.Creek.WWTP,PFHpA,7/8/2019,18.8,
Town.of.Ramseur.WWTP,PFHpS,7/8/2019,,0.311
Sanford-Big.Buffalo.Creek.WWTP,PFHpS,7/8/2019,,0.316
Northeast.Brunswick.Regional,PFHpS,7/8/2019,,0.323
City.of.Durham-South.Durham.Water.Reclamation,PFHpS,7/8/2019,,1.23
North.Harnett.Regional,PFHpS,7/8/2019,,1.25
Siler.City.Waste.Water.Treatment.Plant,PFHpS,7/8/2019,,2.52
Greensboro-TZ.Osborne.WRF,PFHpS,7/8/2019,,2.56
City.of.High.Point.Eastside.WWTP,PFHpS,7/8/2019,,2.67
Durham.County.Triangle.Wastewater.Treatment.Plant,PFHpS,7/8/2019,,2.88
Sanford-Big.Buffalo.Creek.WWTP,PFHxA,7/8/2019,,0.316
Northeast.Brunswick.Regional,PFHxA,7/8/2019,27.9,
City.of.Durham-South.Durham.Water.Reclamation,PFHxA,7/8/2019,15.8,
Durham.County.Triangle.Wastewater.Treatment.Plant,PFHxA,7/8/2019,10.7,
Greensboro-TZ.Osborne.WRF,PFHxA,7/8/2019,24.7,
North.Harnett.Regional,PFHxA,7/8/2019,38.7,
City.of.High.Point.Eastside.WWTP,PFHxA,7/8/2019,18.4,
Town.of.Ramseur.WWTP,PFHxA,7/8/2019,6.97,
Siler.City.Waste.Water.Treatment.Plant,PFHxA,7/8/2019,9.94,
Town.of.Ramseur.WWTP,PFHxS,7/8/2019,,0.311
Northeast.Brunswick.Regional,PFHxS,7/8/2019,,0.323
City.of.Durham-South.Durham.Water.Reclamation,PFHxS,7/8/2019,,1.23
North.Harnett.Regional,PFHxS,7/8/2019,,1.25
Durham.County.Triangle.Wastewater.Treatment.Plant,PFHxS,7/8/2019,,2.88
Siler.City.Waste.Water.Treatment.Plant,PFHxS,7/8/2019,2,
Greensboro-TZ.Osborne.WRF,PFHxS,7/8/2019,9.4,
City.of.High.Point.Eastside.WWTP,PFHxS,7/8/2019,11.3,
Sanford-Big.Buffalo.Creek.WWTP,PFHxS,7/8/2019,31.9,
Sanford-Big.Buffalo.Creek.WWTP,PFNA,7/8/2019,,0.316
Siler.City.Waste.Water.Treatment.Plant,PFNA,7/8/2019,,2.52
City.of.High.Point.Eastside.WWTP,PFNA,7/8/2019,,2.67
Greensboro-TZ.Osborne.WRF,PFNA,7/8/2019,,4.1
Durham.County.Triangle.Wastewater.Treatment.Plant,PFNA,7/8/2019,1.42,
Northeast.Brunswick.Regional,PFNA,7/8/2019,1.69,
City.of.Durham-South.Durham.Water.Reclamation,PFNA,7/8/2019,1.72,
North.Harnett.Regional,PFNA,7/8/2019,2.13,
Town.of.Ramseur.WWTP,PFNA,7/8/2019,0.782,
Town.of.Ramseur.WWTP,PFNS,7/8/2019,,0.31
Northeast.Brunswick.Regional,PFNS,7/8/2019,,0.323
City.of.Durham-South.Durham.Water.Reclamation,PFNS,7/8/2019,,1.23
North.Harnett.Regional,PFNS,7/8/2019,,1.25
Siler.City.Waste.Water.Treatment.Plant,PFNS,7/8/2019,,2.52
Greensboro-TZ.Osborne.WRF,PFNS,7/8/2019,,2.56
City.of.High.Point.Eastside.WWTP,PFNS,7/8/2019,,2.672
Durham.County.Triangle.Wastewater.Treatment.Plant,PFNS,7/8/2019,,2.88
Sanford-Big.Buffalo.Creek.WWTP,PFNS,7/8/2019,2.51,
Northeast.Brunswick.Regional,PFOA,7/8/2019,12.9,
City.of.Durham-South.Durham.Water.Reclamation,PFOA,7/8/2019,10.7,
Durham.County.Triangle.Wastewater.Treatment.Plant,PFOA,7/8/2019,7.72,
Greensboro-TZ.Osborne.WRF,PFOA,7/8/2019,11.2,
North.Harnett.Regional,PFOA,7/8/2019,11.4,
City.of.High.Point.Eastside.WWTP,PFOA,7/8/2019,14.2,
Town.of.Ramseur.WWTP,PFOA,7/8/2019,2.93,
Sanford-Big.Buffalo.Creek.WWTP,PFOA,7/8/2019,11.6,
Siler.City.Waste.Water.Treatment.Plant,PFOA,7/8/2019,5.49,
Northeast.Brunswick.Regional,PFOS,7/8/2019,14.8,
City.of.Durham-South.Durham.Water.Reclamation,PFOS,7/8/2019,14.9,
Durham.County.Triangle.Wastewater.Treatment.Plant,PFOS,7/8/2019,11,
Greensboro-TZ.Osborne.WRF,PFOS,7/8/2019,25.6,
North.Harnett.Regional,PFOS,7/8/2019,29.4,
City.of.High.Point.Eastside.WWTP,PFOS,7/8/2019,27.7,
Town.of.Ramseur.WWTP,PFOS,7/8/2019,6.52,
Sanford-Big.Buffalo.Creek.WWTP,PFOS,7/8/2019,46.3,
Siler.City.Waste.Water.Treatment.Plant,PFOS,7/8/2019,5.66,
Town.of.Ramseur.WWTP,PFOSA,7/8/2019,,0.316
Sanford-Big.Buffalo.Creek.WWTP,PFOSA,7/8/2019,,0.32
Northeast.Brunswick.Regional,PFOSA,7/8/2019,,0.323
City.of.Durham-South.Durham.Water.Reclamation,PFOSA,7/8/2019,,1.25
North.Harnett.Regional,PFOSA,7/8/2019,,1.27
Greensboro-TZ.Osborne.WRF,PFOSA,7/8/2019,,2.56
Siler.City.Waste.Water.Treatment.Plant,PFOSA,7/8/2019,,2.56
City.of.High.Point.Eastside.WWTP,PFOSA,7/8/2019,,2.67
Durham.County.Triangle.Wastewater.Treatment.Plant,PFOSA,7/8/2019,,2.92
City.of.Durham-South.Durham.Water.Reclamation,PFPeA,7/8/2019,,1.23
North.Harnett.Regional,PFPeA,7/8/2019,,1.25
Northeast.Brunswick.Regional,PFPeA,7/8/2019,77.8,
Durham.County.Triangle.Wastewater.Treatment.Plant,PFPeA,7/8/2019,36.4,
Greensboro-TZ.Osborne.WRF,PFPeA,7/8/2019,22,
City.of.High.Point.Eastside.WWTP,PFPeA,7/8/2019,27.1,
Town.of.Ramseur.WWTP,PFPeA,7/8/2019,41.8,
Sanford-Big.Buffalo.Creek.WWTP,PFPeA,7/8/2019,50.8,
Siler.City.Waste.Water.Treatment.Plant,PFPeA,7/8/2019,14.5,
Town.of.Ramseur.WWTP,PFPeS,7/8/2019,,0.311
Sanford-Big.Buffalo.Creek.WWTP,PFPeS,7/8/2019,,0.316
Northeast.Brunswick.Regional,PFPeS,7/8/2019,,0.323
City.of.Durham-South.Durham.Water.Reclamation,PFPeS,7/8/2019,,1.23
North.Harnett.Regional,PFPeS,7/8/2019,,1.25
Siler.City.Waste.Water.Treatment.Plant,PFPeS,7/8/2019,,2.52
Greensboro-TZ.Osborne.WRF,PFPeS,7/8/2019,,2.56
City.of.High.Point.Eastside.WWTP,PFPeS,7/8/2019,,2.67
Durham.County.Triangle.Wastewater.Treatment.Plant,PFPeS,7/8/2019,,2.88
Sanford-Big.Buffalo.Creek.WWTP,PFTeA,7/8/2019,,0.316
City.of.Durham-South.Durham.Water.Reclamation,PFTeA,7/8/2019,,1.23
Siler.City.Waste.Water.Treatment.Plant,PFTeA,7/8/2019,,2.52
Greensboro-TZ.Osborne.WRF,PFTeA,7/8/2019,,2.56
City.of.High.Point.Eastside.WWTP,PFTeA,7/8/2019,,2.67
Durham.County.Triangle.Wastewater.Treatment.Plant,PFTeA,7/8/2019,,2.88
North.Harnett.Regional,PFTeA,7/8/2019,0.964,
Northeast.Brunswick.Regional,PFTeA,7/8/2019,1.13,
Town.of.Ramseur.WWTP,PFTeA,7/8/2019,0.761,
Sanford-Big.Buffalo.Creek.WWTP,PFTriA,7/8/2019,,0.316
City.of.Durham-South.Durham.Water.Reclamation,PFTriA,7/8/2019,,1.23
Siler.City.Waste.Water.Treatment.Plant,PFTriA,7/8/2019,,2.52
Greensboro-TZ.Osborne.WRF,PFTriA,7/8/2019,,2.56
City.of.High.Point.Eastside.WWTP,PFTriA,7/8/2019,,2.67
Durham.County.Triangle.Wastewater.Treatment.Plant,PFTriA,7/8/2019,,2.88
North.Harnett.Regional,PFTriA,7/8/2019,0.656,
Northeast.Brunswick.Regional,PFTriA,7/8/2019,0.155,
Town.of.Ramseur.WWTP,PFTriA,7/8/2019,,0.311
Town.of.Ramseur.WWTP,PFUnA,7/8/2019,,0.311
Sanford-Big.Buffalo.Creek.WWTP,PFUnA,7/8/2019,,0.316
Northeast.Brunswick.Regional,PFUnA,7/8/2019,,0.323
City.of.Durham-South.Durham.Water.Reclamation,PFUnA,7/8/2019,,1.23
North.Harnett.Regional,PFUnA,7/8/2019,,1.25
Siler.City.Waste.Water.Treatment.Plant,PFUnA,7/8/2019,,2.52
Greensboro-TZ.Osborne.WRF,PFUnA,7/8/2019,,2.56
City.of.High.Point.Eastside.WWTP,PFUnA,7/8/2019,,2.67
Durham.County.Triangle.Wastewater.Treatment.Plant,PFUnA,7/8/2019,,2.88
