Source,Blowing Rock Town Pond
Source,Boone ASU Lake
Source,"Buckeye Lake, Beech Mtn"
Source,Buckhorn Dam Lake Upstream of Dam
Source,"Cane Creek Reservoir at Dam nr Oaks, NC"
Source,"Carthage City Lake at Dam NR Carthage, NC"
WWTP,Cary.Western.Wake.Regional.Water.Reclamation.Facility
WWTP,Cit.of.Clinton-Norman.H.Larkins.WWTP
Source,"City Lake, High Point"
WWTP,City.of.Asheboro.WWTP
WWTP,City.of.Durham-South.Durham.Water.Reclamation
WWTP,City.of.Graham
WWTP,City.of.High.Point.Eastside.WWTP
WWTP,City.of.Mebane.WWTP
WWTP,City.of.Raeford
WWTP,City.of.Randleman
WWTP,City.of.Reidsville
WWTP,Columbus.County.WWTP
WWTP,Durham.County.Triangle.Wastewater.Treatment.Plant
WWTP,East.Burlington.WWTP
Source,Ellerbe Creek @ SR 1636
Source,Eno River @ SR 1004
Source,Fall Lake @ I-85 near Northside NC
Source,Falls Lake @ Channel Marker #6 near Bayleaf NC
Source,Falls Lake @ Marker #1 near Bayleaf NC
Source,Falls Lake @ Mouth Ledge Creek near Creedmoor NC
Source,Falls Lake @ Mth Little Lick Creek near Marker #13
WWTP,Fayetteville-Cross.Creek.WWTP
WWTP,Fayetteville-Rockfish.Creek.WWTP
Source,Flat River @ SR 1004
Source,"Glenville Lake at Dam NR Fayetteville, NC"
Source,Graham Mebane Reservoir at Dam near Haw River
WWTP,Greensboro-TZ.Osborne.WRF
Source,"Harris Lake at SR1915 nr Corinth, NC"
Source,HAW RIV AT SR 1713 NR BYNUM
Source,HAW RIV BELOW JORDAN DAM NR MONCURE
Source,JORDAN LAKE ABOVE STINKING CREEK NR PITTSBORO NC
Source,JORDAN LAKE AT MOUTH OF MORGAN CK NR FARRINGTON
Source,JORDAN LAKE AT MOUTH OF NEW HOPE CREEK
Source,JORDAN LAKE AT MOUTH OF WHITE OAK CREEK NR SEAFORTH
Source,JORDAN LAKE AT NARROWS NEAR BONSAL
Source,JORDAN LAKE AT NARROWS NEAR BONSAL
Source,JORDAN LAKE AT NARROWS NEAR BONSAL
Source,JORDAN LAKE AT NARROWS NEAR BONSAL
Source,JORDAN LAKE AT NARROWS NEAR BONSAL
Source,JORDAN LAKE AT NARROWS NEAR BONSAL
Source,JORDAN LAKE AT NARROWS NEAR BONSAL
Source,JORDAN LAKE AT NARROWS NEAR BONSAL
Source,JORDAN LAKE AT NARROWS NEAR BONSAL
Source,JORDAN LAKE AT NARROWS NEAR BONSAL
Source,JORDAN LAKE AT NARROWS NEAR BONSAL
Source,JORDAN LAKE AT NARROWS NEAR BONSAL
Source,JORDAN LAKE AT NARROWS NEAR BONSAL
Source,JORDAN LAKE AT NARROWS NEAR BONSAL
Source,JORDAN LAKE AT NARROWS NEAR BONSAL
Source,JORDAN LAKE AT NARROWS NEAR BONSAL
Source,JORDAN LAKE AT NARROWS NEAR BONSAL
Source,JORDAN LAKE AT NARROWS NEAR BONSAL
Source,JORDAN LAKE AT NARROWS NEAR BONSAL
Source,JORDAN LAKE AT NARROWS NEAR BONSAL
Source,JORDAN LAKE AT NARROWS NEAR BONSAL
Source,JORDAN LAKE AT NARROWS NEAR BONSAL
Source,JORDAN LAKE AT NARROWS NEAR BONSAL
Source,JORDAN LAKE AT NARROWS NEAR BONSAL
Source,JORDAN LAKE AT NARROWS NEAR BONSAL
Source,JORDAN LAKE AT NARROWS NEAR BONSAL
Source,JORDAN LAKE AT NARROWS NEAR BONSAL
Source,JORDAN LAKE AT NARROWS NEAR BONSAL
Source,JORDAN LAKE AT NARROWS NEAR BONSAL
Source,JORDAN LAKE AT NARROWS NEAR BONSAL
Source,JORDAN LAKE AT NARROWS NEAR BONSAL
Source,JORDAN LAKE AT NARROWS NEAR BONSAL
Source,JORDAN LAKE AT NARROWS NEAR BONSAL
Source,JORDAN LAKE AT NARROWS NEAR BONSAL
Source,JORDAN LAKE AT NARROWS NEAR BONSAL
Source,JORDAN LAKE AT NARROWS NEAR BONSAL
Source,JORDAN LAKE AT NARROWS NEAR BONSAL
Source,JORDAN LAKE AT NARROWS NEAR BONSAL
Source,JORDAN LAKE AT NARROWS NEAR BONSAL
Source,JORDAN LAKE AT NARROWS NEAR BONSAL
Source,JORDAN LAKE AT NARROWS NEAR BONSAL
Source,JORDAN LAKE AT NARROWS NEAR BONSAL
Source,JORDAN LAKE AT NARROWS NEAR BONSAL
Source,JORDAN LAKE AT NARROWS NEAR BONSAL
Source,JORDAN LAKE AT NARROWS NEAR BONSAL
Source,JORDAN LAKE AT NARROWS NEAR BONSAL
Source,JORDAN LAKE AT NARROWS NEAR BONSAL
Source,JORDAN LAKE AT NARROWS NEAR BONSAL
Source,JORDAN LAKE AT NARROWS NEAR BONSAL
Source,JORDAN LAKE AT NARROWS NEAR BONSAL
Source,JORDAN LAKE AT NARROWS NEAR BONSAL
Source,JORDAN LAKE AT NARROWS NEAR BONSAL
Source,JORDAN LAKE AT NARROWS NEAR BONSAL
Source,JORDAN LAKE AT NARROWS NEAR BONSAL
Source,JORDAN LAKE AT NARROWS NEAR BONSAL
Source,JORDAN LAKE AT NARROWS NEAR BONSAL
Source,JORDAN LAKE AT NARROWS NEAR BONSAL
Source,JORDAN LAKE AT NARROWS NEAR BONSAL
Source,JORDAN LAKE AT NARROWS NEAR BONSAL
Source,JORDAN LAKE AT NARROWS NEAR BONSAL
Source,JORDAN LAKE AT NARROWS NEAR BONSAL
Source,JORDAN LAKE AT NARROWS NEAR BONSAL
Source,JORDAN LAKE AT NARROWS NEAR BONSAL
Source,JORDAN LAKE AT NARROWS NEAR BONSAL
Source,JORDAN LAKE AT NARROWS NEAR BONSAL
Source,JORDAN LAKE AT NARROWS NEAR BONSAL
Source,JORDAN LAKE AT NARROWS NEAR BONSAL
Source,JORDAN LAKE AT NARROWS NEAR BONSAL
Source,JORDAN LAKE AT NARROWS NEAR BONSAL
Source,JORDAN LAKE AT NARROWS NEAR BONSAL
Source,JORDAN LAKE AT NARROWS NEAR BONSAL
Source,JORDAN LAKE AT NARROWS NEAR BONSAL
Source,JORDAN LAKE AT NARROWS NEAR BONSAL
Source,JORDAN LAKE AT NARROWS NEAR BONSAL
Source,JORDAN LAKE AT NARROWS NEAR BONSAL
Source,JORDAN LAKE AT NARROWS NEAR BONSAL
Source,JORDAN LAKE AT NARROWS NEAR BONSAL
Source,JORDAN LAKE AT NARROWS NEAR BONSAL
Source,JORDAN LAKE AT NARROWS NEAR BONSAL
Source,JORDAN LAKE AT NARROWS NEAR BONSAL
Source,JORDAN LAKE AT NARROWS NEAR BONSAL
Source,JORDAN LAKE AT NARROWS NEAR BONSAL
Source,JORDAN LAKE AT NARROWS NEAR BONSAL
Source,JORDAN LAKE AT NARROWS NEAR BONSAL
Source,JORDAN LAKE AT NARROWS NEAR BONSAL
Source,JORDAN LAKE AT NARROWS NEAR BONSAL
Source,JORDAN LAKE AT NARROWS NEAR BONSAL
Source,JORDAN LAKE AT NARROWS NEAR BONSAL
Source,JORDAN LAKE AT NARROWS NEAR BONSAL
Source,JORDAN LAKE AT NARROWS NEAR BONSAL
Source,JORDAN LAKE AT NARROWS NEAR BONSAL
Source,JORDAN LAKE AT NARROWS NEAR BONSAL
Source,JORDAN LAKE AT NARROWS NEAR BONSAL
Source,JORDAN LAKE AT NARROWS NEAR BONSAL
Source,JORDAN LAKE AT NARROWS NEAR BONSAL
Source,JORDAN LAKE AT NARROWS NEAR BONSAL
Source,JORDAN LAKE AT NARROWS NEAR BONSAL
Source,JORDAN LAKE AT NARROWS NEAR BONSAL
Source,JORDAN LAKE AT NARROWS NEAR BONSAL
Source,JORDAN LAKE AT NARROWS NEAR BONSAL
Source,JORDAN LAKE AT NARROWS NEAR BONSAL
Source,JORDAN LAKE AT NARROWS NEAR BONSAL
Source,JORDAN LAKE AT NARROWS NEAR BONSAL
Source,JORDAN LAKE AT NARROWS NEAR BONSAL
Source,JORDAN LAKE AT NARROWS NEAR BONSAL
Source,JORDAN LAKE AT NARROWS NEAR BONSAL
Source,JORDAN LAKE AT NARROWS NEAR BONSAL
Source,JORDAN LAKE AT NARROWS NEAR BONSAL
Source,JORDAN LAKE AT NARROWS NEAR BONSAL
Source,JORDAN LAKE AT NARROWS NEAR BONSAL
Source,JORDAN LAKE AT NARROWS NEAR BONSAL
Source,JORDAN LAKE AT NARROWS NEAR BONSAL
Source,JORDAN LAKE AT NARROWS NEAR BONSAL
Source,JORDAN LAKE AT NARROWS NEAR BONSAL
Source,JORDAN LAKE AT NARROWS NEAR BONSAL
Source,JORDAN LAKE NEAR FARRINGTON NC
Source,JORDAN LAKE NEAR FARRINGTON NC
Source,JORDAN LAKE NEAR FARRINGTON NC
Source,JORDAN LAKE NEAR FARRINGTON NC
Source,JORDAN LAKE NEAR FARRINGTON NC
Source,JORDAN LAKE NEAR FARRINGTON NC
Source,JORDAN LAKE NEAR FARRINGTON NC
Source,JORDAN LAKE NEAR FARRINGTON NC
Source,JORDAN LAKE NEAR FARRINGTON NC
Source,JORDAN LAKE NEAR FARRINGTON NC
Source,JORDAN LAKE NEAR FARRINGTON NC
Source,JORDAN LAKE NEAR FARRINGTON NC
Source,JORDAN LAKE NEAR FARRINGTON NC
Source,JORDAN LAKE NEAR FARRINGTON NC
Source,JORDAN LAKE NEAR FARRINGTON NC
Source,JORDAN LAKE NEAR FARRINGTON NC
Source,JORDAN LAKE NEAR FARRINGTON NC
Source,JORDAN LAKE NEAR FARRINGTON NC
Source,JORDAN LAKE NEAR FARRINGTON NC
Source,JORDAN LAKE NEAR FARRINGTON NC
Source,JORDAN LAKE NEAR FARRINGTON NC
Source,JORDAN LAKE NEAR FARRINGTON NC
Source,JORDAN LAKE NEAR FARRINGTON NC
Source,JORDAN LAKE NEAR FARRINGTON NC
Source,JORDAN LAKE NEAR FARRINGTON NC
Source,JORDAN LAKE NEAR FARRINGTON NC
Source,JORDAN LAKE NEAR FARRINGTON NC
Source,JORDAN LAKE NEAR FARRINGTON NC
Source,JORDAN LAKE NEAR FARRINGTON NC
Source,JORDAN LAKE NEAR FARRINGTON NC
Source,JORDAN LAKE NEAR FARRINGTON NC
Source,JORDAN LAKE NEAR FARRINGTON NC
Source,JORDAN LAKE NEAR FARRINGTON NC
Source,JORDAN LAKE NEAR FARRINGTON NC
Source,JORDAN LAKE NEAR FARRINGTON NC
Source,JORDAN LAKE NEAR FARRINGTON NC
Source,JORDAN LAKE NEAR FARRINGTON NC
Source,JORDAN LAKE NEAR FARRINGTON NC
Source,JORDAN LAKE NEAR FARRINGTON NC
Source,JORDAN LAKE NEAR FARRINGTON NC
Source,JORDAN LAKE NEAR FARRINGTON NC
Source,JORDAN LAKE NEAR FARRINGTON NC
Source,JORDAN LAKE NEAR FARRINGTON NC
Source,JORDAN LAKE NEAR FARRINGTON NC
Source,JORDAN LAKE NEAR FARRINGTON NC
Source,JORDAN LAKE NEAR FARRINGTON NC
Source,JORDAN LAKE NEAR FARRINGTON NC
Source,JORDAN LAKE NEAR FARRINGTON NC
Source,JORDAN LAKE NEAR FARRINGTON NC
Source,JORDAN LAKE NEAR FARRINGTON NC
Source,JORDAN LAKE NEAR FARRINGTON NC
Source,JORDAN LAKE NEAR FARRINGTON NC
Source,JORDAN LAKE NEAR FARRINGTON NC
Source,JORDAN LAKE NEAR FARRINGTON NC
Source,JORDAN LAKE NEAR FARRINGTON NC
Source,JORDAN LAKE NEAR FARRINGTON NC
Source,JORDAN LAKE NEAR FARRINGTON NC
Source,JORDAN LAKE NEAR FARRINGTON NC
Source,JORDAN LAKE NEAR FARRINGTON NC
Source,JORDAN LAKE NEAR FARRINGTON NC
Source,JORDAN LAKE NEAR FARRINGTON NC
Source,JORDAN LAKE NEAR FARRINGTON NC
Source,JORDAN LAKE NEAR FARRINGTON NC
Source,JORDAN LAKE NEAR FARRINGTON NC
Source,JORDAN LAKE NEAR FARRINGTON NC
Source,JORDAN LAKE NEAR FARRINGTON NC
Source,JORDAN LAKE NEAR FARRINGTON NC
Source,JORDAN LAKE NEAR FARRINGTON NC
Source,JORDAN LAKE NEAR FARRINGTON NC
Source,JORDAN LAKE NEAR FARRINGTON NC
Source,JORDAN LAKE NEAR FARRINGTON NC
Source,JORDAN LAKE NEAR FARRINGTON NC
Source,JORDAN LAKE NEAR FARRINGTON NC
Source,JORDAN LAKE NEAR FARRINGTON NC
Source,JORDAN LAKE NEAR FARRINGTON NC
Source,JORDAN LAKE NEAR FARRINGTON NC
Source,JORDAN LAKE NEAR FARRINGTON NC
Source,JORDAN LAKE NEAR FARRINGTON NC
Source,JORDAN LAKE NEAR FARRINGTON NC
Source,JORDAN LAKE NEAR FARRINGTON NC
Source,JORDAN LAKE NEAR FARRINGTON NC
Source,JORDAN LAKE NEAR FARRINGTON NC
Source,JORDAN LAKE NEAR FARRINGTON NC
Source,JORDAN LAKE NEAR FARRINGTON NC
Source,JORDAN LAKE NEAR FARRINGTON NC
Source,JORDAN LAKE NEAR FARRINGTON NC
Source,JORDAN LAKE NEAR FARRINGTON NC
Source,JORDAN LAKE NEAR FARRINGTON NC
Source,JORDAN LAKE NEAR FARRINGTON NC
Source,JORDAN LAKE NEAR FARRINGTON NC
Source,JORDAN LAKE NEAR FARRINGTON NC
Source,JORDAN LAKE NEAR FARRINGTON NC
Source,JORDAN LAKE NEAR FARRINGTON NC
Source,JORDAN LAKE NEAR FARRINGTON NC
Source,JORDAN LAKE NEAR FARRINGTON NC
Source,JORDAN LAKE NEAR FARRINGTON NC
Source,JORDAN LAKE NEAR FARRINGTON NC
Source,JORDAN LAKE NEAR FARRINGTON NC
Source,JORDAN LAKE NEAR FARRINGTON NC
Source,JORDAN LAKE NEAR FARRINGTON NC
Source,JORDAN LAKE NEAR FARRINGTON NC
Source,JORDAN LAKE NEAR FARRINGTON NC
Source,JORDAN LAKE NEAR FARRINGTON NC
Source,JORDAN LAKE NEAR FARRINGTON NC
Source,JORDAN LAKE NEAR FARRINGTON NC
Source,JORDAN LAKE NEAR FARRINGTON NC
Source,JORDAN LAKE NEAR FARRINGTON NC
Source,JORDAN LAKE NEAR FARRINGTON NC
Source,JORDAN LAKE NEAR FARRINGTON NC
Source,JORDAN LAKE NEAR FARRINGTON NC
Source,JORDAN LAKE NEAR FARRINGTON NC
Source,JORDAN LAKE NEAR FARRINGTON NC
Source,JORDAN LAKE NEAR FARRINGTON NC
Source,JORDAN LAKE NEAR FARRINGTON NC
Source,JORDAN LAKE NEAR FARRINGTON NC
Source,JORDAN LAKE NEAR FARRINGTON NC
Source,JORDAN LAKE NEAR FARRINGTON NC
Source,JORDAN LAKE NEAR FARRINGTON NC
Source,JORDAN LAKE NEAR FARRINGTON NC
Source,JORDAN LAKE NEAR FARRINGTON NC
Source,JORDAN LAKE NEAR FARRINGTON NC
Source,JORDAN LAKE NEAR FARRINGTON NC
Source,JORDAN LAKE NEAR FARRINGTON NC
Source,JORDAN LAKE NEAR FARRINGTON NC
Source,JORDAN LAKE NEAR FARRINGTON NC
Source,JORDAN LAKE NEAR FARRINGTON NC
Source,JORDAN LAKE NEAR FARRINGTON NC
Source,JORDAN LAKE NEAR FARRINGTON NC
Source,JORDAN LAKE NEAR FARRINGTON NC
Source,JORDAN LAKE NEAR FARRINGTON NC
Source,JORDAN LAKE NEAR FARRINGTON NC
Source,JORDAN LAKE NEAR FARRINGTON NC
Source,JORDAN LAKE NEAR FARRINGTON NC
Source,JORDAN LAKE NEAR FARRINGTON NC
Source,JORDAN LAKE NEAR FARRINGTON NC
Source,JORDAN LAKE NEAR FARRINGTON NC
Source,JORDAN LAKE NEAR FARRINGTON NC
Source,JORDAN LAKE NEAR FARRINGTON NC
Source,Knap of Reeds Creek
Source,Knap of Reeds Creek
Source,Knap of Reeds Creek
Source,Knap of Reeds Creek
Source,Knap of Reeds Creek
Source,Knap of Reeds Creek
Source,Knap of Reeds Creek
Source,Knap of Reeds Creek
Source,Knap of Reeds Creek
Source,Knap of Reeds Creek
Source,Knap of Reeds Creek
Source,Knap of Reeds Creek
Source,Knap of Reeds Creek
Source,Knap of Reeds Creek
Source,Knap of Reeds Creek
Source,Knap of Reeds Creek
Source,Knap of Reeds Creek
Source,Knap of Reeds Creek
Source,Knap of Reeds Creek
Source,Knap of Reeds Creek
Source,Knap of Reeds Creek
Source,Knap of Reeds Creek
Source,Knap of Reeds Creek
Source,Knap of Reeds Creek
Source,Knap of Reeds Creek
Source,Knap of Reeds Creek
Source,Knap of Reeds Creek
Source,Knap of Reeds Creek
Source,Knap of Reeds Creek
Source,Knap of Reeds Creek
Source,Knap of Reeds Creek
Source,Knap of Reeds Creek
Source,Knap of Reeds Creek
Source,Knap of Reeds Creek
Source,Knap of Reeds Creek
Source,Knap of Reeds Creek
Source,Knap of Reeds Creek
Source,Knap of Reeds Creek
Source,Knap of Reeds Creek
Source,Knap of Reeds Creek
Source,Knap of Reeds Creek
Source,Knap of Reeds Creek
Source,Knap of Reeds Creek
Source,Knap of Reeds Creek
Source,Knap of Reeds Creek
Source,Knap of Reeds Creek
Source,Knap of Reeds Creek
Source,Knap of Reeds Creek
Source,Knap of Reeds Creek
Source,Knap of Reeds Creek
Source,Knap of Reeds Creek
Source,Knap of Reeds Creek
Source,Knap of Reeds Creek
Source,Knap of Reeds Creek
Source,Knap of Reeds Creek
Source,Knap of Reeds Creek
Source,Knap of Reeds Creek
Source,Knap of Reeds Creek
Source,Knap of Reeds Creek
Source,Knap of Reeds Creek
Source,Knap of Reeds Creek
Source,Knap of Reeds Creek
Source,Knap of Reeds Creek
Source,Knap of Reeds Creek
Source,Knap of Reeds Creek
Source,Knap of Reeds Creek
Source,Knap of Reeds Creek
Source,Knap of Reeds Creek
Source,Knap of Reeds Creek
Source,Knap of Reeds Creek
Source,Knap of Reeds Creek
Source,Knap of Reeds Creek
Source,Knap of Reeds Creek
Source,Knap of Reeds Creek
Source,Knap of Reeds Creek
Source,Knap of Reeds Creek
Source,Knap of Reeds Creek
Source,Knap of Reeds Creek
Source,Knap of Reeds Creek
Source,Knap of Reeds Creek
Source,Knap of Reeds Creek
Source,Knap of Reeds Creek
Source,Knap of Reeds Creek
Source,Knap of Reeds Creek
Source,Knap of Reeds Creek
Source,Knap of Reeds Creek
Source,Knap of Reeds Creek
Source,Knap of Reeds Creek
Source,Knap of Reeds Creek
Source,Knap of Reeds Creek
Source,Knap of Reeds Creek
Source,Knap of Reeds Creek
Source,Knap of Reeds Creek
Source,Knap of Reeds Creek
Source,Knap of Reeds Creek
Source,Knap of Reeds Creek
Source,Knap of Reeds Creek
Source,Knap of Reeds Creek
Source,Knap of Reeds Creek
Source,Knap of Reeds Creek
Source,Knap of Reeds Creek
Source,Knap of Reeds Creek
Source,Knap of Reeds Creek
Source,Knap of Reeds Creek
Source,Knap of Reeds Creek
Source,Knap of Reeds Creek
Source,Knap of Reeds Creek
Source,Knap of Reeds Creek
Source,Knap of Reeds Creek
Source,Knap of Reeds Creek
Source,Knap of Reeds Creek
Source,Knap of Reeds Creek
Source,Knap of Reeds Creek
Source,Knap of Reeds Creek
Source,Knap of Reeds Creek
Source,Knap of Reeds Creek
Source,Lake Brandt at Dam near Hillsdale
Source,Lake Brandt at Dam near Hillsdale
Source,Lake Brandt at Dam near Hillsdale
Source,Lake Brandt at Dam near Hillsdale
Source,Lake Brandt at Dam near Hillsdale
Source,Lake Brandt at Dam near Hillsdale
Source,Lake Brandt at Dam near Hillsdale
Source,Lake Brandt at Dam near Hillsdale
Source,Lake Brandt at Dam near Hillsdale
Source,Lake Brandt at Dam near Hillsdale
Source,Lake Brandt at Dam near Hillsdale
Source,Lake Brandt at Dam near Hillsdale
Source,Lake Brandt at Dam near Hillsdale
Source,Lake Brandt at Dam near Hillsdale
Source,Lake Brandt at Dam near Hillsdale
Source,Lake Brandt at Dam near Hillsdale
Source,Lake Brandt at Dam near Hillsdale
Source,Lake Brandt at Dam near Hillsdale
Source,Lake Brandt at Dam near Hillsdale
Source,Lake Brandt at Dam near Hillsdale
Source,Lake Brandt at Dam near Hillsdale
Source,Lake Brandt at Dam near Hillsdale
Source,Lake Brandt at Dam near Hillsdale
Source,Lake Brandt at Dam near Hillsdale
Source,Lake Mackintosh at Dam
Source,Lake Mackintosh at Dam
Source,Lake Mackintosh at Dam
Source,Lake Mackintosh at Dam
Source,Lake Mackintosh at Dam
Source,Lake Mackintosh at Dam
Source,Lake Mackintosh at Dam
Source,Lake Mackintosh at Dam
Source,Lake Mackintosh at Dam
Source,Lake Mackintosh at Dam
Source,Lake Mackintosh at Dam
Source,Lake Mackintosh at Dam
Source,Lake Mackintosh at Dam
Source,Lake Mackintosh at Dam
Source,Lake Mackintosh at Dam
Source,Lake Mackintosh at Dam
Source,Lake Mackintosh at Dam
Source,Lake Mackintosh at Dam
Source,Lake Mackintosh at Dam
Source,Lake Mackintosh at Dam
Source,Lake Mackintosh at Dam
Source,Lake Mackintosh at Dam
Source,Lake Mackintosh at Dam
Source,"Lake Townsend at Dam near Greensboro, NC"
Source,"Lake Townsend at Dam near Greensboro, NC"
Source,"Lake Townsend at Dam near Greensboro, NC"
Source,"Lake Townsend at Dam near Greensboro, NC"
Source,"Lake Townsend at Dam near Greensboro, NC"
Source,"Lake Townsend at Dam near Greensboro, NC"
Source,"Lake Townsend at Dam near Greensboro, NC"
Source,"Lake Townsend at Dam near Greensboro, NC"
Source,"Lake Townsend at Dam near Greensboro, NC"
Source,"Lake Townsend at Dam near Greensboro, NC"
Source,"Lake Townsend at Dam near Greensboro, NC"
Source,"Lake Townsend at Dam near Greensboro, NC"
Source,"Lake Townsend at Dam near Greensboro, NC"
Source,"Lake Townsend at Dam near Greensboro, NC"
Source,"Lake Townsend at Dam near Greensboro, NC"
Source,"Lake Townsend at Dam near Greensboro, NC"
Source,"Lake Townsend at Dam near Greensboro, NC"
Source,"Lake Townsend at Dam near Greensboro, NC"
Source,"Lake Townsend at Dam near Greensboro, NC"
Source,"Lake Townsend at Dam near Greensboro, NC"
Source,"Lake Townsend at Dam near Greensboro, NC"
Source,"Lake Townsend at Dam near Greensboro, NC"
Source,"Lake Townsend at Dam near Greensboro, NC"
Source,"Lake Townsend at Dam near Greensboro, NC"
Source,MORGAN CRK AT SR 1726 NR FARRINGTON
Source,MORGAN CRK AT SR 1726 NR FARRINGTON
Source,MORGAN CRK AT SR 1726 NR FARRINGTON
Source,MORGAN CRK AT SR 1726 NR FARRINGTON
Source,MORGAN CRK AT SR 1726 NR FARRINGTON
Source,MORGAN CRK AT SR 1726 NR FARRINGTON
Source,MORGAN CRK AT SR 1726 NR FARRINGTON
Source,MORGAN CRK AT SR 1726 NR FARRINGTON
Source,MORGAN CRK AT SR 1726 NR FARRINGTON
Source,MORGAN CRK AT SR 1726 NR FARRINGTON
Source,MORGAN CRK AT SR 1726 NR FARRINGTON
Source,MORGAN CRK AT SR 1726 NR FARRINGTON
Source,MORGAN CRK AT SR 1726 NR FARRINGTON
Source,MORGAN CRK AT SR 1726 NR FARRINGTON
Source,MORGAN CRK AT SR 1726 NR FARRINGTON
Source,MORGAN CRK AT SR 1726 NR FARRINGTON
Source,MORGAN CRK AT SR 1726 NR FARRINGTON
Source,MORGAN CRK AT SR 1726 NR FARRINGTON
Source,MORGAN CRK AT SR 1726 NR FARRINGTON
Source,MORGAN CRK AT SR 1726 NR FARRINGTON
Source,MORGAN CRK AT SR 1726 NR FARRINGTON
Source,MORGAN CRK AT SR 1726 NR FARRINGTON
Source,MORGAN CRK AT SR 1726 NR FARRINGTON
Source,MORGAN CRK AT SR 1726 NR FARRINGTON
Source,MORGAN CRK AT SR 1726 NR FARRINGTON
Source,MORGAN CRK AT SR 1726 NR FARRINGTON
Source,MORGAN CRK AT SR 1726 NR FARRINGTON
Source,MORGAN CRK AT SR 1726 NR FARRINGTON
Source,MORGAN CRK AT SR 1726 NR FARRINGTON
Source,MORGAN CRK AT SR 1726 NR FARRINGTON
Source,MORGAN CRK AT SR 1726 NR FARRINGTON
Source,MORGAN CRK AT SR 1726 NR FARRINGTON
Source,MORGAN CRK AT SR 1726 NR FARRINGTON
Source,MORGAN CRK AT SR 1726 NR FARRINGTON
Source,MORGAN CRK AT SR 1726 NR FARRINGTON
Source,MORGAN CRK AT SR 1726 NR FARRINGTON
Source,MORGAN CRK AT SR 1726 NR FARRINGTON
Source,MORGAN CRK AT SR 1726 NR FARRINGTON
Source,MORGAN CRK AT SR 1726 NR FARRINGTON
Source,MORGAN CRK AT SR 1726 NR FARRINGTON
Source,MORGAN CRK AT SR 1726 NR FARRINGTON
Source,MORGAN CRK AT SR 1726 NR FARRINGTON
Source,MORGAN CRK AT SR 1726 NR FARRINGTON
Source,MORGAN CRK AT SR 1726 NR FARRINGTON
Source,MORGAN CRK AT SR 1726 NR FARRINGTON
Source,MORGAN CRK AT SR 1726 NR FARRINGTON
Source,MORGAN CRK AT SR 1726 NR FARRINGTON
Source,MORGAN CRK AT SR 1726 NR FARRINGTON
Source,MORGAN CRK AT SR 1726 NR FARRINGTON
Source,MORGAN CRK AT SR 1726 NR FARRINGTON
Source,MORGAN CRK AT SR 1726 NR FARRINGTON
Source,MORGAN CRK AT SR 1726 NR FARRINGTON
Source,MORGAN CRK AT SR 1726 NR FARRINGTON
Source,MORGAN CRK AT SR 1726 NR FARRINGTON
Source,MORGAN CRK AT SR 1726 NR FARRINGTON
Source,MORGAN CRK AT SR 1726 NR FARRINGTON
Source,MORGAN CRK AT SR 1726 NR FARRINGTON
Source,MORGAN CRK AT SR 1726 NR FARRINGTON
Source,MORGAN CRK AT SR 1726 NR FARRINGTON
Source,MORGAN CRK AT SR 1726 NR FARRINGTON
Source,MORGAN CRK AT SR 1726 NR FARRINGTON
Source,MORGAN CRK AT SR 1726 NR FARRINGTON
Source,MORGAN CRK AT SR 1726 NR FARRINGTON
Source,MORGAN CRK AT SR 1726 NR FARRINGTON
Source,MORGAN CRK AT SR 1726 NR FARRINGTON
Source,MORGAN CRK AT SR 1726 NR FARRINGTON
Source,MORGAN CRK AT SR 1726 NR FARRINGTON
Source,MORGAN CRK AT SR 1726 NR FARRINGTON
Source,MORGAN CRK AT SR 1726 NR FARRINGTON
Source,MORGAN CRK AT SR 1726 NR FARRINGTON
Source,MORGAN CRK AT SR 1726 NR FARRINGTON
Source,MORGAN CRK AT SR 1726 NR FARRINGTON
Source,MORGAN CRK AT SR 1726 NR FARRINGTON
Source,MORGAN CRK AT SR 1726 NR FARRINGTON
Source,MORGAN CRK AT SR 1726 NR FARRINGTON
Source,MORGAN CRK AT SR 1726 NR FARRINGTON
Source,MORGAN CRK AT SR 1726 NR FARRINGTON
Source,MORGAN CRK AT SR 1726 NR FARRINGTON
Source,MORGAN CRK AT SR 1726 NR FARRINGTON
Source,MORGAN CRK AT SR 1726 NR FARRINGTON
Source,MORGAN CRK AT SR 1726 NR FARRINGTON
Source,MORGAN CRK AT SR 1726 NR FARRINGTON
Source,MORGAN CRK AT SR 1726 NR FARRINGTON
Source,MORGAN CRK AT SR 1726 NR FARRINGTON
Source,MORGAN CRK AT SR 1726 NR FARRINGTON
Source,MORGAN CRK AT SR 1726 NR FARRINGTON
Source,MORGAN CRK AT SR 1726 NR FARRINGTON
Source,MORGAN CRK AT SR 1726 NR FARRINGTON
Source,MORGAN CRK AT SR 1726 NR FARRINGTON
Source,MORGAN CRK AT SR 1726 NR FARRINGTON
Source,MORGAN CRK AT SR 1726 NR FARRINGTON
Source,MORGAN CRK AT SR 1726 NR FARRINGTON
Source,MORGAN CRK AT SR 1726 NR FARRINGTON
Source,MORGAN CRK AT SR 1726 NR FARRINGTON
Source,MORGAN CRK AT SR 1726 NR FARRINGTON
Source,MORGAN CRK AT SR 1726 NR FARRINGTON
Source,MORGAN CRK AT SR 1726 NR FARRINGTON
Source,MORGAN CRK AT SR 1726 NR FARRINGTON
Source,MORGAN CRK AT SR 1726 NR FARRINGTON
Source,MORGAN CRK AT SR 1726 NR FARRINGTON
Source,MORGAN CRK AT SR 1726 NR FARRINGTON
Source,MORGAN CRK AT SR 1726 NR FARRINGTON
Source,MORGAN CRK AT SR 1726 NR FARRINGTON
Source,MORGAN CRK AT SR 1726 NR FARRINGTON
Source,MORGAN CRK AT SR 1726 NR FARRINGTON
Source,MORGAN CRK AT SR 1726 NR FARRINGTON
Source,MORGAN CRK AT SR 1726 NR FARRINGTON
Source,MORGAN CRK AT SR 1726 NR FARRINGTON
Source,MORGAN CRK AT SR 1726 NR FARRINGTON
Source,MORGAN CRK AT SR 1726 NR FARRINGTON
Source,MORGAN CRK AT SR 1726 NR FARRINGTON
Source,MORGAN CRK AT SR 1726 NR FARRINGTON
Source,MORGAN CRK AT SR 1726 NR FARRINGTON
Source,MORGAN CRK AT SR 1726 NR FARRINGTON
Source,MORGAN CRK AT SR 1726 NR FARRINGTON
Source,MORGAN CRK AT SR 1726 NR FARRINGTON
Source,MORGAN CRK AT SR 1726 NR FARRINGTON
Source,MORGAN CRK AT SR 1726 NR FARRINGTON
Source,MORGAN CRK AT SR 1726 NR FARRINGTON
Source,MORGAN CRK AT SR 1726 NR FARRINGTON
Source,MORGAN CRK AT SR 1726 NR FARRINGTON
Source,MORGAN CRK AT SR 1726 NR FARRINGTON
Source,MORGAN CRK AT SR 1726 NR FARRINGTON
Source,MORGAN CRK AT SR 1726 NR FARRINGTON
Source,MORGAN CRK AT SR 1726 NR FARRINGTON
Source,MORGAN CRK AT SR 1726 NR FARRINGTON
Source,MORGAN CRK AT SR 1726 NR FARRINGTON
Source,MORGAN CRK AT SR 1726 NR FARRINGTON
Source,MORGAN CRK AT SR 1726 NR FARRINGTON
Source,MORGAN CRK AT SR 1726 NR FARRINGTON
Source,MORGAN CRK AT SR 1726 NR FARRINGTON
Source,MORGAN CRK AT SR 1726 NR FARRINGTON
Source,MORGAN CRK AT SR 1726 NR FARRINGTON
Source,MORGAN CRK AT SR 1726 NR FARRINGTON
Source,MORGAN CRK AT SR 1726 NR FARRINGTON
Source,MORGAN CRK AT SR 1726 NR FARRINGTON
Source,MORGAN CRK AT SR 1726 NR FARRINGTON
Source,MORGAN CRK AT SR 1726 NR FARRINGTON
Source,Neuse River @ SR 2000
Source,Neuse River @ SR 2000
Source,Neuse River @ SR 2000
Source,Neuse River @ SR 2000
Source,Neuse River @ SR 2000
Source,Neuse River @ SR 2000
Source,Neuse River @ SR 2000
Source,Neuse River @ SR 2000
Source,Neuse River @ SR 2000
Source,Neuse River @ SR 2000
Source,Neuse River @ SR 2000
Source,Neuse River @ SR 2000
Source,Neuse River @ SR 2000
Source,Neuse River @ SR 2000
Source,Neuse River @ SR 2000
Source,Neuse River @ SR 2000
Source,Neuse River @ SR 2000
Source,Neuse River @ SR 2000
Source,Neuse River @ SR 2000
Source,Neuse River @ SR 2000
Source,Neuse River @ SR 2000
Source,Neuse River @ SR 2000
Source,Neuse River @ SR 2000
Source,Neuse River @ SR 2000
Source,Neuse River @ SR 2000
Source,Neuse River @ SR 2000
Source,Neuse River @ SR 2000
Source,Neuse River @ SR 2000
Source,Neuse River @ SR 2000
Source,Neuse River @ SR 2000
Source,Neuse River @ SR 2000
Source,Neuse River @ SR 2000
Source,Neuse River @ SR 2000
Source,Neuse River @ SR 2000
Source,Neuse River @ SR 2000
Source,Neuse River @ SR 2000
Source,Neuse River @ SR 2000
Source,Neuse River @ SR 2000
Source,Neuse River @ SR 2000
Source,Neuse River @ SR 2000
Source,Neuse River @ SR 2000
Source,Neuse River @ SR 2000
Source,Neuse River @ SR 2000
Source,Neuse River @ SR 2000
Source,Neuse River @ SR 2000
Source,Neuse River @ SR 2000
Source,Neuse River @ SR 2000
Source,Neuse River @ SR 2000
Source,Neuse River @ SR 2000
Source,Neuse River @ SR 2000
Source,Neuse River @ SR 2000
Source,Neuse River @ SR 2000
Source,Neuse River @ SR 2000
Source,Neuse River @ SR 2000
Source,Neuse River @ SR 2000
Source,Neuse River @ SR 2000
Source,Neuse River @ SR 2000
Source,Neuse River @ SR 2000
Source,Neuse River @ SR 2000
Source,Neuse River @ SR 2000
Source,Neuse River @ SR 2000
Source,Neuse River @ SR 2000
Source,Neuse River @ SR 2000
Source,Neuse River @ SR 2000
Source,Neuse River @ SR 2000
Source,Neuse River @ SR 2000
Source,Neuse River @ SR 2000
Source,Neuse River @ SR 2000
Source,Neuse River @ SR 2000
Source,Neuse River @ SR 2000
Source,Neuse River @ SR 2000
Source,Neuse River @ SR 2000
Source,Neuse River @ SR 2000
Source,Neuse River @ SR 2000
Source,Neuse River @ SR 2000
Source,Neuse River @ SR 2000
Source,Neuse River @ SR 2000
Source,Neuse River @ SR 2000
Source,Neuse River @ SR 2000
Source,Neuse River @ SR 2000
Source,Neuse River @ SR 2000
Source,Neuse River @ SR 2000
Source,Neuse River @ SR 2000
Source,Neuse River @ SR 2000
Source,Neuse River @ SR 2000
Source,Neuse River @ SR 2000
Source,Neuse River @ SR 2000
Source,Neuse River @ SR 2000
Source,Neuse River @ SR 2000
Source,Neuse River @ SR 2000
Source,Neuse River @ SR 2000
Source,Neuse River @ SR 2000
Source,Neuse River @ SR 2000
Source,Neuse River @ SR 2000
Source,Neuse River @ SR 2000
Source,Neuse River @ SR 2000
Source,Neuse River @ SR 2000
Source,Neuse River @ SR 2000
Source,Neuse River @ SR 2000
Source,Neuse River @ SR 2000
Source,Neuse River @ SR 2000
Source,Neuse River @ SR 2000
Source,Neuse River @ SR 2000
Source,Neuse River @ SR 2000
Source,Neuse River @ SR 2000
Source,Neuse River @ SR 2000
Source,Neuse River @ SR 2000
Source,Neuse River @ SR 2000
Source,Neuse River @ SR 2000
Source,Neuse River @ SR 2000
Source,Neuse River @ SR 2000
Source,Neuse River @ SR 2000
Source,Neuse River @ SR 2000
Source,Neuse River @ SR 2000
Source,Neuse River @ SR 2000
Source,Neuse River @ SR 2000
Source,NEW HOPE CRK AT SR 1107 NR BLANDS
Source,NEW HOPE CRK AT SR 1107 NR BLANDS
Source,NEW HOPE CRK AT SR 1107 NR BLANDS
Source,NEW HOPE CRK AT SR 1107 NR BLANDS
Source,NEW HOPE CRK AT SR 1107 NR BLANDS
Source,NEW HOPE CRK AT SR 1107 NR BLANDS
Source,NEW HOPE CRK AT SR 1107 NR BLANDS
Source,NEW HOPE CRK AT SR 1107 NR BLANDS
Source,NEW HOPE CRK AT SR 1107 NR BLANDS
Source,NEW HOPE CRK AT SR 1107 NR BLANDS
Source,NEW HOPE CRK AT SR 1107 NR BLANDS
Source,NEW HOPE CRK AT SR 1107 NR BLANDS
Source,NEW HOPE CRK AT SR 1107 NR BLANDS
Source,NEW HOPE CRK AT SR 1107 NR BLANDS
Source,NEW HOPE CRK AT SR 1107 NR BLANDS
Source,NEW HOPE CRK AT SR 1107 NR BLANDS
Source,NEW HOPE CRK AT SR 1107 NR BLANDS
Source,NEW HOPE CRK AT SR 1107 NR BLANDS
Source,NEW HOPE CRK AT SR 1107 NR BLANDS
Source,NEW HOPE CRK AT SR 1107 NR BLANDS
Source,NEW HOPE CRK AT SR 1107 NR BLANDS
Source,NEW HOPE CRK AT SR 1107 NR BLANDS
Source,NEW HOPE CRK AT SR 1107 NR BLANDS
Source,NEW HOPE CRK AT SR 1107 NR BLANDS
Source,NEW HOPE CRK AT SR 1107 NR BLANDS
Source,NEW HOPE CRK AT SR 1107 NR BLANDS
Source,NEW HOPE CRK AT SR 1107 NR BLANDS
Source,NEW HOPE CRK AT SR 1107 NR BLANDS
Source,NEW HOPE CRK AT SR 1107 NR BLANDS
Source,NEW HOPE CRK AT SR 1107 NR BLANDS
Source,NEW HOPE CRK AT SR 1107 NR BLANDS
Source,NEW HOPE CRK AT SR 1107 NR BLANDS
Source,NEW HOPE CRK AT SR 1107 NR BLANDS
Source,NEW HOPE CRK AT SR 1107 NR BLANDS
Source,NEW HOPE CRK AT SR 1107 NR BLANDS
Source,NEW HOPE CRK AT SR 1107 NR BLANDS
Source,NEW HOPE CRK AT SR 1107 NR BLANDS
Source,NEW HOPE CRK AT SR 1107 NR BLANDS
Source,NEW HOPE CRK AT SR 1107 NR BLANDS
Source,NEW HOPE CRK AT SR 1107 NR BLANDS
Source,NEW HOPE CRK AT SR 1107 NR BLANDS
Source,NEW HOPE CRK AT SR 1107 NR BLANDS
Source,NEW HOPE CRK AT SR 1107 NR BLANDS
Source,NEW HOPE CRK AT SR 1107 NR BLANDS
Source,NEW HOPE CRK AT SR 1107 NR BLANDS
Source,NEW HOPE CRK AT SR 1107 NR BLANDS
Source,NEW HOPE CRK AT SR 1107 NR BLANDS
Source,NEW HOPE CRK AT SR 1107 NR BLANDS
Source,NEW HOPE CRK AT SR 1107 NR BLANDS
Source,NEW HOPE CRK AT SR 1107 NR BLANDS
Source,NEW HOPE CRK AT SR 1107 NR BLANDS
Source,NEW HOPE CRK AT SR 1107 NR BLANDS
Source,NEW HOPE CRK AT SR 1107 NR BLANDS
Source,NEW HOPE CRK AT SR 1107 NR BLANDS
Source,NEW HOPE CRK AT SR 1107 NR BLANDS
Source,NEW HOPE CRK AT SR 1107 NR BLANDS
Source,NEW HOPE CRK AT SR 1107 NR BLANDS
Source,NEW HOPE CRK AT SR 1107 NR BLANDS
Source,NEW HOPE CRK AT SR 1107 NR BLANDS
Source,NEW HOPE CRK AT SR 1107 NR BLANDS
Source,NEW HOPE CRK AT SR 1107 NR BLANDS
Source,NEW HOPE CRK AT SR 1107 NR BLANDS
Source,NEW HOPE CRK AT SR 1107 NR BLANDS
Source,NEW HOPE CRK AT SR 1107 NR BLANDS
Source,NEW HOPE CRK AT SR 1107 NR BLANDS
Source,NEW HOPE CRK AT SR 1107 NR BLANDS
Source,NEW HOPE CRK AT SR 1107 NR BLANDS
Source,NEW HOPE CRK AT SR 1107 NR BLANDS
Source,NEW HOPE CRK AT SR 1107 NR BLANDS
Source,NEW HOPE CRK AT SR 1107 NR BLANDS
Source,NEW HOPE CRK AT SR 1107 NR BLANDS
Source,NEW HOPE CRK AT SR 1107 NR BLANDS
Source,NEW HOPE CRK AT SR 1107 NR BLANDS
Source,NEW HOPE CRK AT SR 1107 NR BLANDS
Source,NEW HOPE CRK AT SR 1107 NR BLANDS
Source,NEW HOPE CRK AT SR 1107 NR BLANDS
Source,NEW HOPE CRK AT SR 1107 NR BLANDS
Source,NEW HOPE CRK AT SR 1107 NR BLANDS
Source,NEW HOPE CRK AT SR 1107 NR BLANDS
Source,NEW HOPE CRK AT SR 1107 NR BLANDS
Source,NEW HOPE CRK AT SR 1107 NR BLANDS
Source,NEW HOPE CRK AT SR 1107 NR BLANDS
Source,NEW HOPE CRK AT SR 1107 NR BLANDS
Source,NEW HOPE CRK AT SR 1107 NR BLANDS
Source,NEW HOPE CRK AT SR 1107 NR BLANDS
Source,NEW HOPE CRK AT SR 1107 NR BLANDS
Source,NEW HOPE CRK AT SR 1107 NR BLANDS
Source,NEW HOPE CRK AT SR 1107 NR BLANDS
Source,NEW HOPE CRK AT SR 1107 NR BLANDS
Source,NEW HOPE CRK AT SR 1107 NR BLANDS
Source,NEW HOPE CRK AT SR 1107 NR BLANDS
Source,NEW HOPE CRK AT SR 1107 NR BLANDS
Source,NEW HOPE CRK AT SR 1107 NR BLANDS
Source,NEW HOPE CRK AT SR 1107 NR BLANDS
Source,NEW HOPE CRK AT SR 1107 NR BLANDS
Source,NEW HOPE CRK AT SR 1107 NR BLANDS
Source,NEW HOPE CRK AT SR 1107 NR BLANDS
Source,NEW HOPE CRK AT SR 1107 NR BLANDS
Source,NEW HOPE CRK AT SR 1107 NR BLANDS
Source,NEW HOPE CRK AT SR 1107 NR BLANDS
Source,NEW HOPE CRK AT SR 1107 NR BLANDS
Source,NEW HOPE CRK AT SR 1107 NR BLANDS
Source,NEW HOPE CRK AT SR 1107 NR BLANDS
Source,NEW HOPE CRK AT SR 1107 NR BLANDS
Source,NEW HOPE CRK AT SR 1107 NR BLANDS
Source,NEW HOPE CRK AT SR 1107 NR BLANDS
Source,NEW HOPE CRK AT SR 1107 NR BLANDS
Source,NEW HOPE CRK AT SR 1107 NR BLANDS
Source,NEW HOPE CRK AT SR 1107 NR BLANDS
Source,NEW HOPE CRK AT SR 1107 NR BLANDS
Source,NEW HOPE CRK AT SR 1107 NR BLANDS
Source,NEW HOPE CRK AT SR 1107 NR BLANDS
Source,NEW HOPE CRK AT SR 1107 NR BLANDS
Source,NEW HOPE CRK AT SR 1107 NR BLANDS
Source,NEW HOPE CRK AT SR 1107 NR BLANDS
Source,NEW HOPE CRK AT SR 1107 NR BLANDS
Source,NEW HOPE CRK AT SR 1107 NR BLANDS
Source,NEW HOPE CRK AT SR 1107 NR BLANDS
Source,NEW HOPE CRK AT SR 1107 NR BLANDS
Source,NEW HOPE CRK AT SR 1107 NR BLANDS
Source,NEW HOPE CRK AT SR 1107 NR BLANDS
Source,NEW HOPE CRK AT SR 1107 NR BLANDS
Source,NEW HOPE CRK AT SR 1107 NR BLANDS
Source,NEW HOPE CRK AT SR 1107 NR BLANDS
Source,NEW HOPE CRK AT SR 1107 NR BLANDS
Source,NEW HOPE CRK AT SR 1107 NR BLANDS
Source,NEW HOPE CRK AT SR 1107 NR BLANDS
Source,NEW HOPE CRK AT SR 1107 NR BLANDS
Source,NEW HOPE CRK AT SR 1107 NR BLANDS
Source,NEW HOPE CRK AT SR 1107 NR BLANDS
Source,NEW HOPE CRK AT SR 1107 NR BLANDS
Source,NEW HOPE CRK AT SR 1107 NR BLANDS
Source,NEW HOPE CRK AT SR 1107 NR BLANDS
Source,NEW HOPE CRK AT SR 1107 NR BLANDS
Source,NEW HOPE CRK AT SR 1107 NR BLANDS
Source,NEW HOPE CRK AT SR 1107 NR BLANDS
Source,NEW HOPE CRK AT SR 1107 NR BLANDS
Source,NEW HOPE CRK AT SR 1107 NR BLANDS
WWTP,North.Harnett.Regional
WWTP,North.Harnett.Regional
WWTP,North.Harnett.Regional
Source,NORTHEAST CRK AT SR 1100 NR NELSON
Source,NORTHEAST CRK AT SR 1100 NR NELSON
Source,NORTHEAST CRK AT SR 1100 NR NELSON
Source,NORTHEAST CRK AT SR 1100 NR NELSON
Source,NORTHEAST CRK AT SR 1100 NR NELSON
Source,NORTHEAST CRK AT SR 1100 NR NELSON
Source,NORTHEAST CRK AT SR 1100 NR NELSON
Source,NORTHEAST CRK AT SR 1100 NR NELSON
Source,NORTHEAST CRK AT SR 1100 NR NELSON
Source,NORTHEAST CRK AT SR 1100 NR NELSON
Source,NORTHEAST CRK AT SR 1100 NR NELSON
Source,NORTHEAST CRK AT SR 1100 NR NELSON
Source,NORTHEAST CRK AT SR 1100 NR NELSON
Source,NORTHEAST CRK AT SR 1100 NR NELSON
Source,NORTHEAST CRK AT SR 1100 NR NELSON
Source,NORTHEAST CRK AT SR 1100 NR NELSON
Source,NORTHEAST CRK AT SR 1100 NR NELSON
Source,NORTHEAST CRK AT SR 1100 NR NELSON
Source,NORTHEAST CRK AT SR 1100 NR NELSON
Source,NORTHEAST CRK AT SR 1100 NR NELSON
Source,NORTHEAST CRK AT SR 1100 NR NELSON
Source,NORTHEAST CRK AT SR 1100 NR NELSON
Source,NORTHEAST CRK AT SR 1100 NR NELSON
Source,NORTHEAST CRK AT SR 1100 NR NELSON
Source,NORTHEAST CRK AT SR 1100 NR NELSON
Source,NORTHEAST CRK AT SR 1100 NR NELSON
Source,NORTHEAST CRK AT SR 1100 NR NELSON
Source,NORTHEAST CRK AT SR 1100 NR NELSON
Source,NORTHEAST CRK AT SR 1100 NR NELSON
Source,NORTHEAST CRK AT SR 1100 NR NELSON
Source,NORTHEAST CRK AT SR 1100 NR NELSON
Source,NORTHEAST CRK AT SR 1100 NR NELSON
Source,NORTHEAST CRK AT SR 1100 NR NELSON
Source,NORTHEAST CRK AT SR 1100 NR NELSON
Source,NORTHEAST CRK AT SR 1100 NR NELSON
Source,NORTHEAST CRK AT SR 1100 NR NELSON
Source,NORTHEAST CRK AT SR 1100 NR NELSON
Source,NORTHEAST CRK AT SR 1100 NR NELSON
Source,NORTHEAST CRK AT SR 1100 NR NELSON
Source,NORTHEAST CRK AT SR 1100 NR NELSON
Source,NORTHEAST CRK AT SR 1100 NR NELSON
Source,NORTHEAST CRK AT SR 1100 NR NELSON
Source,NORTHEAST CRK AT SR 1100 NR NELSON
Source,NORTHEAST CRK AT SR 1100 NR NELSON
Source,NORTHEAST CRK AT SR 1100 NR NELSON
Source,NORTHEAST CRK AT SR 1100 NR NELSON
Source,NORTHEAST CRK AT SR 1100 NR NELSON
Source,NORTHEAST CRK AT SR 1100 NR NELSON
Source,NORTHEAST CRK AT SR 1100 NR NELSON
Source,NORTHEAST CRK AT SR 1100 NR NELSON
Source,NORTHEAST CRK AT SR 1100 NR NELSON
Source,NORTHEAST CRK AT SR 1100 NR NELSON
Source,NORTHEAST CRK AT SR 1100 NR NELSON
Source,NORTHEAST CRK AT SR 1100 NR NELSON
Source,NORTHEAST CRK AT SR 1100 NR NELSON
Source,NORTHEAST CRK AT SR 1100 NR NELSON
Source,NORTHEAST CRK AT SR 1100 NR NELSON
Source,NORTHEAST CRK AT SR 1100 NR NELSON
Source,NORTHEAST CRK AT SR 1100 NR NELSON
Source,NORTHEAST CRK AT SR 1100 NR NELSON
Source,NORTHEAST CRK AT SR 1100 NR NELSON
Source,NORTHEAST CRK AT SR 1100 NR NELSON
Source,NORTHEAST CRK AT SR 1100 NR NELSON
Source,NORTHEAST CRK AT SR 1100 NR NELSON
Source,NORTHEAST CRK AT SR 1100 NR NELSON
Source,NORTHEAST CRK AT SR 1100 NR NELSON
Source,NORTHEAST CRK AT SR 1100 NR NELSON
Source,NORTHEAST CRK AT SR 1100 NR NELSON
Source,NORTHEAST CRK AT SR 1100 NR NELSON
Source,NORTHEAST CRK AT SR 1100 NR NELSON
Source,NORTHEAST CRK AT SR 1100 NR NELSON
Source,NORTHEAST CRK AT SR 1100 NR NELSON
Source,NORTHEAST CRK AT SR 1100 NR NELSON
Source,NORTHEAST CRK AT SR 1100 NR NELSON
Source,NORTHEAST CRK AT SR 1100 NR NELSON
Source,NORTHEAST CRK AT SR 1100 NR NELSON
Source,NORTHEAST CRK AT SR 1100 NR NELSON
Source,NORTHEAST CRK AT SR 1100 NR NELSON
Source,NORTHEAST CRK AT SR 1100 NR NELSON
Source,NORTHEAST CRK AT SR 1100 NR NELSON
Source,NORTHEAST CRK AT SR 1100 NR NELSON
Source,NORTHEAST CRK AT SR 1100 NR NELSON
Source,NORTHEAST CRK AT SR 1100 NR NELSON
Source,NORTHEAST CRK AT SR 1100 NR NELSON
Source,NORTHEAST CRK AT SR 1100 NR NELSON
Source,NORTHEAST CRK AT SR 1100 NR NELSON
Source,NORTHEAST CRK AT SR 1100 NR NELSON
Source,NORTHEAST CRK AT SR 1100 NR NELSON
Source,NORTHEAST CRK AT SR 1100 NR NELSON
Source,NORTHEAST CRK AT SR 1100 NR NELSON
Source,NORTHEAST CRK AT SR 1100 NR NELSON
Source,NORTHEAST CRK AT SR 1100 NR NELSON
Source,NORTHEAST CRK AT SR 1100 NR NELSON
Source,NORTHEAST CRK AT SR 1100 NR NELSON
Source,NORTHEAST CRK AT SR 1100 NR NELSON
Source,NORTHEAST CRK AT SR 1100 NR NELSON
Source,NORTHEAST CRK AT SR 1100 NR NELSON
Source,NORTHEAST CRK AT SR 1100 NR NELSON
Source,NORTHEAST CRK AT SR 1100 NR NELSON
Source,NORTHEAST CRK AT SR 1100 NR NELSON
Source,NORTHEAST CRK AT SR 1100 NR NELSON
Source,NORTHEAST CRK AT SR 1100 NR NELSON
Source,NORTHEAST CRK AT SR 1100 NR NELSON
Source,NORTHEAST CRK AT SR 1100 NR NELSON
Source,NORTHEAST CRK AT SR 1100 NR NELSON
Source,NORTHEAST CRK AT SR 1100 NR NELSON
Source,NORTHEAST CRK AT SR 1100 NR NELSON
Source,NORTHEAST CRK AT SR 1100 NR NELSON
Source,NORTHEAST CRK AT SR 1100 NR NELSON
Source,NORTHEAST CRK AT SR 1100 NR NELSON
Source,NORTHEAST CRK AT SR 1100 NR NELSON
Source,NORTHEAST CRK AT SR 1100 NR NELSON
Source,NORTHEAST CRK AT SR 1100 NR NELSON
Source,NORTHEAST CRK AT SR 1100 NR NELSON
Source,NORTHEAST CRK AT SR 1100 NR NELSON
Source,NORTHEAST CRK AT SR 1731 O KELLY CHURCH RD NR DURHAM
Source,NORTHEAST CRK AT SR 1731 O KELLY CHURCH RD NR DURHAM
Source,NORTHEAST CRK AT SR 1731 O KELLY CHURCH RD NR DURHAM
Source,NORTHEAST CRK AT SR 1731 O KELLY CHURCH RD NR DURHAM
Source,NORTHEAST CRK AT SR 1731 O KELLY CHURCH RD NR DURHAM
Source,NORTHEAST CRK AT SR 1731 O KELLY CHURCH RD NR DURHAM
Source,NORTHEAST CRK AT SR 1731 O KELLY CHURCH RD NR DURHAM
Source,NORTHEAST CRK AT SR 1731 O KELLY CHURCH RD NR DURHAM
Source,NORTHEAST CRK AT SR 1731 O KELLY CHURCH RD NR DURHAM
Source,NORTHEAST CRK AT SR 1731 O KELLY CHURCH RD NR DURHAM
Source,NORTHEAST CRK AT SR 1731 O KELLY CHURCH RD NR DURHAM
Source,NORTHEAST CRK AT SR 1731 O KELLY CHURCH RD NR DURHAM
Source,NORTHEAST CRK AT SR 1731 O KELLY CHURCH RD NR DURHAM
Source,NORTHEAST CRK AT SR 1731 O KELLY CHURCH RD NR DURHAM
Source,NORTHEAST CRK AT SR 1731 O KELLY CHURCH RD NR DURHAM
Source,NORTHEAST CRK AT SR 1731 O KELLY CHURCH RD NR DURHAM
Source,NORTHEAST CRK AT SR 1731 O KELLY CHURCH RD NR DURHAM
Source,NORTHEAST CRK AT SR 1731 O KELLY CHURCH RD NR DURHAM
Source,NORTHEAST CRK AT SR 1731 O KELLY CHURCH RD NR DURHAM
Source,NORTHEAST CRK AT SR 1731 O KELLY CHURCH RD NR DURHAM
Source,NORTHEAST CRK AT SR 1731 O KELLY CHURCH RD NR DURHAM
Source,NORTHEAST CRK AT SR 1731 O KELLY CHURCH RD NR DURHAM
Source,NORTHEAST CRK AT SR 1731 O KELLY CHURCH RD NR DURHAM
WWTP,Northeast.Brunswick.Regional
WWTP,Northeast.Brunswick.Regional
WWTP,Northeast.Brunswick.Regional
Source,"Oak Hollow Lake, High Point"
Source,"Oak Hollow Lake, High Point"
Source,"Oak Hollow Lake, High Point"
Source,"Oak Hollow Lake, High Point"
Source,"Oak Hollow Lake, High Point"
Source,"Oak Hollow Lake, High Point"
Source,"Oak Hollow Lake, High Point"
Source,"Oak Hollow Lake, High Point"
Source,"Oak Hollow Lake, High Point"
Source,"Oak Hollow Lake, High Point"
Source,"Oak Hollow Lake, High Point"
Source,"Oak Hollow Lake, High Point"
Source,"Oak Hollow Lake, High Point"
Source,"Oak Hollow Lake, High Point"
Source,"Oak Hollow Lake, High Point"
Source,"Oak Hollow Lake, High Point"
Source,"Oak Hollow Lake, High Point"
Source,"Oak Hollow Lake, High Point"
Source,"Oak Hollow Lake, High Point"
Source,"Oak Hollow Lake, High Point"
Source,"Oak Hollow Lake, High Point"
Source,"Oak Hollow Lake, High Point"
Source,"Oak Hollow Lake, High Point"
Source,PHILS CRK NR CAVANDER
Source,PHILS CRK NR CAVANDER
Source,PHILS CRK NR CAVANDER
Source,PHILS CRK NR CAVANDER
Source,PHILS CRK NR CAVANDER
Source,PHILS CRK NR CAVANDER
Source,PHILS CRK NR CAVANDER
Source,PHILS CRK NR CAVANDER
Source,PHILS CRK NR CAVANDER
Source,PHILS CRK NR CAVANDER
Source,PHILS CRK NR CAVANDER
Source,PHILS CRK NR CAVANDER
Source,PHILS CRK NR CAVANDER
Source,PHILS CRK NR CAVANDER
Source,PHILS CRK NR CAVANDER
Source,PHILS CRK NR CAVANDER
Source,PHILS CRK NR CAVANDER
Source,PHILS CRK NR CAVANDER
Source,PHILS CRK NR CAVANDER
Source,PHILS CRK NR CAVANDER
Source,PHILS CRK NR CAVANDER
Source,PHILS CRK NR CAVANDER
Source,PHILS CRK NR CAVANDER
Source,PHILS CRK NR CAVANDER
Source,PHILS CRK NR CAVANDER
Source,PHILS CRK NR CAVANDER
Source,PHILS CRK NR CAVANDER
Source,PHILS CRK NR CAVANDER
Source,PHILS CRK NR CAVANDER
Source,PHILS CRK NR CAVANDER
Source,PHILS CRK NR CAVANDER
Source,PHILS CRK NR CAVANDER
Source,PHILS CRK NR CAVANDER
Source,PHILS CRK NR CAVANDER
Source,PHILS CRK NR CAVANDER
Source,PHILS CRK NR CAVANDER
Source,PHILS CRK NR CAVANDER
Source,PHILS CRK NR CAVANDER
Source,PHILS CRK NR CAVANDER
Source,PHILS CRK NR CAVANDER
Source,PHILS CRK NR CAVANDER
Source,PHILS CRK NR CAVANDER
Source,PHILS CRK NR CAVANDER
Source,PHILS CRK NR CAVANDER
Source,PHILS CRK NR CAVANDER
Source,PHILS CRK NR CAVANDER
Source,PHILS CRK NR CAVANDER
Source,PHILS CRK NR CAVANDER
Source,PHILS CRK NR CAVANDER
Source,PHILS CRK NR CAVANDER
Source,PHILS CRK NR CAVANDER
Source,PHILS CRK NR CAVANDER
Source,PHILS CRK NR CAVANDER
Source,PHILS CRK NR CAVANDER
Source,PHILS CRK NR CAVANDER
Source,PHILS CRK NR CAVANDER
Source,PHILS CRK NR CAVANDER
Source,PHILS CRK NR CAVANDER
Source,PHILS CRK NR CAVANDER
Source,PHILS CRK NR CAVANDER
Source,PHILS CRK NR CAVANDER
Source,PHILS CRK NR CAVANDER
Source,PHILS CRK NR CAVANDER
Source,PHILS CRK NR CAVANDER
Source,PHILS CRK NR CAVANDER
Source,PHILS CRK NR CAVANDER
Source,PHILS CRK NR CAVANDER
Source,PHILS CRK NR CAVANDER
Source,PHILS CRK NR CAVANDER
Source,PHILS CRK NR CAVANDER
Source,PHILS CRK NR CAVANDER
Source,PHILS CRK NR CAVANDER
Source,PHILS CRK NR CAVANDER
Source,PHILS CRK NR CAVANDER
Source,PHILS CRK NR CAVANDER
Source,PHILS CRK NR CAVANDER
Source,PHILS CRK NR CAVANDER
Source,PHILS CRK NR CAVANDER
Source,PHILS CRK NR CAVANDER
Source,PHILS CRK NR CAVANDER
Source,PHILS CRK NR CAVANDER
Source,PHILS CRK NR CAVANDER
Source,PHILS CRK NR CAVANDER
Source,PHILS CRK NR CAVANDER
Source,PHILS CRK NR CAVANDER
Source,PHILS CRK NR CAVANDER
Source,PHILS CRK NR CAVANDER
Source,PHILS CRK NR CAVANDER
Source,PHILS CRK NR CAVANDER
Source,PHILS CRK NR CAVANDER
Source,PHILS CRK NR CAVANDER
Source,PHILS CRK NR CAVANDER
Source,PHILS CRK NR CAVANDER
Source,PHILS CRK NR CAVANDER
Source,PHILS CRK NR CAVANDER
Source,PHILS CRK NR CAVANDER
Source,PHILS CRK NR CAVANDER
Source,PHILS CRK NR CAVANDER
Source,PHILS CRK NR CAVANDER
Source,PHILS CRK NR CAVANDER
Source,PHILS CRK NR CAVANDER
Source,PHILS CRK NR CAVANDER
Source,PHILS CRK NR CAVANDER
Source,PHILS CRK NR CAVANDER
Source,PHILS CRK NR CAVANDER
Source,PHILS CRK NR CAVANDER
Source,PHILS CRK NR CAVANDER
Source,PHILS CRK NR CAVANDER
Source,PHILS CRK NR CAVANDER
Source,PHILS CRK NR CAVANDER
Source,PHILS CRK NR CAVANDER
Source,PHILS CRK NR CAVANDER
Source,PHILS CRK NR CAVANDER
Source,PHILS CRK NR CAVANDER
Source,PHILS CRK NR CAVANDER
Source,Ramseur Lake (Sandy Creek Res)
Source,Ramseur Lake (Sandy Creek Res)
Source,Ramseur Lake (Sandy Creek Res)
Source,Ramseur Lake (Sandy Creek Res)
Source,Ramseur Lake (Sandy Creek Res)
Source,Ramseur Lake (Sandy Creek Res)
Source,Ramseur Lake (Sandy Creek Res)
Source,Ramseur Lake (Sandy Creek Res)
Source,Ramseur Lake (Sandy Creek Res)
Source,Ramseur Lake (Sandy Creek Res)
Source,Ramseur Lake (Sandy Creek Res)
Source,Ramseur Lake (Sandy Creek Res)
Source,Ramseur Lake (Sandy Creek Res)
Source,Ramseur Lake (Sandy Creek Res)
Source,Ramseur Lake (Sandy Creek Res)
Source,Ramseur Lake (Sandy Creek Res)
Source,Ramseur Lake (Sandy Creek Res)
Source,Ramseur Lake (Sandy Creek Res)
Source,Ramseur Lake (Sandy Creek Res)
Source,Ramseur Lake (Sandy Creek Res)
Source,Ramseur Lake (Sandy Creek Res)
Source,Ramseur Lake (Sandy Creek Res)
Source,Ramseur Lake (Sandy Creek Res)
Source,Randleman Lake at Water Intake
Source,Randleman Lake at Water Intake
Source,Randleman Lake at Water Intake
Source,Randleman Lake at Water Intake
Source,Randleman Lake at Water Intake
Source,Randleman Lake at Water Intake
Source,Randleman Lake at Water Intake
Source,Randleman Lake at Water Intake
Source,Randleman Lake at Water Intake
Source,Randleman Lake at Water Intake
Source,Randleman Lake at Water Intake
Source,Randleman Lake at Water Intake
Source,Randleman Lake at Water Intake
Source,Randleman Lake at Water Intake
Source,Randleman Lake at Water Intake
Source,Randleman Lake at Water Intake
Source,Randleman Lake at Water Intake
Source,Randleman Lake at Water Intake
Source,Randleman Lake at Water Intake
Source,Randleman Lake at Water Intake
Source,Randleman Lake at Water Intake
Source,Randleman Lake at Water Intake
Source,Randleman Lake at Water Intake
Source,Randleman Lake at Water Intake
Source,Reidsville Lake at Dam
Source,Reidsville Lake at Dam
Source,Reidsville Lake at Dam
Source,Reidsville Lake at Dam
Source,Reidsville Lake at Dam
Source,Reidsville Lake at Dam
Source,Reidsville Lake at Dam
Source,Reidsville Lake at Dam
Source,Reidsville Lake at Dam
Source,Reidsville Lake at Dam
Source,Reidsville Lake at Dam
Source,Reidsville Lake at Dam
Source,Reidsville Lake at Dam
Source,Reidsville Lake at Dam
Source,Reidsville Lake at Dam
Source,Reidsville Lake at Dam
Source,Reidsville Lake at Dam
Source,Reidsville Lake at Dam
Source,Reidsville Lake at Dam
Source,Reidsville Lake at Dam
Source,Reidsville Lake at Dam
Source,Reidsville Lake at Dam
Source,Reidsville Lake at Dam
Source,Reidsville Lake at Dam
WWTP,Sanford-Big.Buffalo.Creek.WWTP
WWTP,Sanford-Big.Buffalo.Creek.WWTP
WWTP,Sanford-Big.Buffalo.Creek.WWTP
WWTP,Siler.City.Waste.Water.Treatment.Plant
WWTP,Siler.City.Waste.Water.Treatment.Plant
WWTP,Siler.City.Waste.Water.Treatment.Plant
WWTP,Siler.City.Waste.Water.Treatment.Plant
WWTP,Siler.City.Waste.Water.Treatment.Plant
WWTP,Siler.City.Waste.Water.Treatment.Plant
WWTP,Siler.City.Waste.Water.Treatment.Plant
WWTP,Siler.City.Waste.Water.Treatment.Plant
WWTP,Siler.City.Waste.Water.Treatment.Plant
WWTP,Siler.City.Waste.Water.Treatment.Plant
WWTP,Siler.City.Waste.Water.Treatment.Plant
WWTP,Siler.City.Waste.Water.Treatment.Plant
WWTP,Siler.City.Waste.Water.Treatment.Plant
WWTP,Siler.City.Waste.Water.Treatment.Plant
WWTP,Siler.City.Waste.Water.Treatment.Plant
WWTP,Siler.City.Waste.Water.Treatment.Plant
WWTP,Siler.City.Waste.Water.Treatment.Plant
WWTP,Siler.City.Waste.Water.Treatment.Plant
WWTP,Siler.City.Waste.Water.Treatment.Plant
WWTP,Siler.City.Waste.Water.Treatment.Plant
WWTP,Siler.City.Waste.Water.Treatment.Plant
WWTP,Siler.City.Waste.Water.Treatment.Plant
WWTP,Siler.City.Waste.Water.Treatment.Plant
WWTP,Siler.City.Waste.Water.Treatment.Plant
WWTP,Siler.City.Waste.Water.Treatment.Plant
Type,Site
WWTP,South.Burlington.WWTP
WWTP,South.Burlington.WWTP
WWTP,South.Burlington.WWTP
WWTP,South.Burlington.WWTP
WWTP,South.Burlington.WWTP
WWTP,South.Burlington.WWTP
WWTP,South.Burlington.WWTP
WWTP,South.Burlington.WWTP
WWTP,South.Burlington.WWTP
WWTP,South.Burlington.WWTP
WWTP,South.Burlington.WWTP
WWTP,South.Burlington.WWTP
WWTP,South.Burlington.WWTP
WWTP,South.Burlington.WWTP
WWTP,South.Burlington.WWTP
WWTP,South.Burlington.WWTP
WWTP,South.Burlington.WWTP
WWTP,South.Burlington.WWTP
WWTP,South.Burlington.WWTP
WWTP,South.Burlington.WWTP
WWTP,South.Burlington.WWTP
WWTP,South.Burlington.WWTP
WWTP,South.Burlington.WWTP
WWTP,South.Burlington.WWTP
WWTP,South.Burlington.WWTP
Source,Stony Creek Res at Dam
Source,Stony Creek Res at Dam
Source,Stony Creek Res at Dam
Source,Stony Creek Res at Dam
Source,Stony Creek Res at Dam
Source,Stony Creek Res at Dam
Source,Stony Creek Res at Dam
Source,Stony Creek Res at Dam
Source,Stony Creek Res at Dam
Source,Stony Creek Res at Dam
Source,Stony Creek Res at Dam
Source,Stony Creek Res at Dam
Source,Stony Creek Res at Dam
Source,Stony Creek Res at Dam
Source,Stony Creek Res at Dam
Source,Stony Creek Res at Dam
Source,Stony Creek Res at Dam
Source,Stony Creek Res at Dam
Source,Stony Creek Res at Dam
Source,Stony Creek Res at Dam
Source,Stony Creek Res at Dam
Source,Stony Creek Res at Dam
Source,Stony Creek Res at Dam
Source,Stony Creek Res at Dam
Source,THIRD FORK CRK AT NC 54 NR DURHAM
Source,THIRD FORK CRK AT NC 54 NR DURHAM
Source,THIRD FORK CRK AT NC 54 NR DURHAM
Source,THIRD FORK CRK AT NC 54 NR DURHAM
Source,THIRD FORK CRK AT NC 54 NR DURHAM
Source,THIRD FORK CRK AT NC 54 NR DURHAM
Source,THIRD FORK CRK AT NC 54 NR DURHAM
Source,THIRD FORK CRK AT NC 54 NR DURHAM
Source,THIRD FORK CRK AT NC 54 NR DURHAM
Source,THIRD FORK CRK AT NC 54 NR DURHAM
Source,THIRD FORK CRK AT NC 54 NR DURHAM
Source,THIRD FORK CRK AT NC 54 NR DURHAM
Source,THIRD FORK CRK AT NC 54 NR DURHAM
Source,THIRD FORK CRK AT NC 54 NR DURHAM
Source,THIRD FORK CRK AT NC 54 NR DURHAM
Source,THIRD FORK CRK AT NC 54 NR DURHAM
Source,THIRD FORK CRK AT NC 54 NR DURHAM
Source,THIRD FORK CRK AT NC 54 NR DURHAM
Source,THIRD FORK CRK AT NC 54 NR DURHAM
Source,THIRD FORK CRK AT NC 54 NR DURHAM
Source,THIRD FORK CRK AT NC 54 NR DURHAM
Source,THIRD FORK CRK AT NC 54 NR DURHAM
Source,THIRD FORK CRK AT NC 54 NR DURHAM
Source,THIRD FORK CRK AT NC 54 NR DURHAM
Source,THIRD FORK CRK AT NC 54 NR DURHAM
Source,THIRD FORK CRK AT NC 54 NR DURHAM
Source,THIRD FORK CRK AT NC 54 NR DURHAM
Source,THIRD FORK CRK AT NC 54 NR DURHAM
Source,THIRD FORK CRK AT NC 54 NR DURHAM
Source,THIRD FORK CRK AT NC 54 NR DURHAM
Source,THIRD FORK CRK AT NC 54 NR DURHAM
Source,THIRD FORK CRK AT NC 54 NR DURHAM
Source,THIRD FORK CRK AT NC 54 NR DURHAM
Source,THIRD FORK CRK AT NC 54 NR DURHAM
Source,THIRD FORK CRK AT NC 54 NR DURHAM
Source,THIRD FORK CRK AT NC 54 NR DURHAM
Source,THIRD FORK CRK AT NC 54 NR DURHAM
Source,THIRD FORK CRK AT NC 54 NR DURHAM
Source,THIRD FORK CRK AT NC 54 NR DURHAM
Source,THIRD FORK CRK AT NC 54 NR DURHAM
Source,THIRD FORK CRK AT NC 54 NR DURHAM
Source,THIRD FORK CRK AT NC 54 NR DURHAM
Source,THIRD FORK CRK AT NC 54 NR DURHAM
Source,THIRD FORK CRK AT NC 54 NR DURHAM
Source,THIRD FORK CRK AT NC 54 NR DURHAM
Source,THIRD FORK CRK AT NC 54 NR DURHAM
Source,THIRD FORK CRK AT NC 54 NR DURHAM
Source,THIRD FORK CRK AT NC 54 NR DURHAM
Source,THIRD FORK CRK AT NC 54 NR DURHAM
Source,THIRD FORK CRK AT NC 54 NR DURHAM
Source,THIRD FORK CRK AT NC 54 NR DURHAM
Source,THIRD FORK CRK AT NC 54 NR DURHAM
Source,THIRD FORK CRK AT NC 54 NR DURHAM
Source,THIRD FORK CRK AT NC 54 NR DURHAM
Source,THIRD FORK CRK AT NC 54 NR DURHAM
Source,THIRD FORK CRK AT NC 54 NR DURHAM
Source,THIRD FORK CRK AT NC 54 NR DURHAM
Source,THIRD FORK CRK AT NC 54 NR DURHAM
Source,THIRD FORK CRK AT NC 54 NR DURHAM
Source,THIRD FORK CRK AT NC 54 NR DURHAM
Source,THIRD FORK CRK AT NC 54 NR DURHAM
Source,THIRD FORK CRK AT NC 54 NR DURHAM
Source,THIRD FORK CRK AT NC 54 NR DURHAM
Source,THIRD FORK CRK AT NC 54 NR DURHAM
Source,THIRD FORK CRK AT NC 54 NR DURHAM
Source,THIRD FORK CRK AT NC 54 NR DURHAM
Source,THIRD FORK CRK AT NC 54 NR DURHAM
Source,THIRD FORK CRK AT NC 54 NR DURHAM
Source,THIRD FORK CRK AT NC 54 NR DURHAM
Source,THIRD FORK CRK AT NC 54 NR DURHAM
Source,THIRD FORK CRK AT NC 54 NR DURHAM
Source,THIRD FORK CRK AT NC 54 NR DURHAM
Source,THIRD FORK CRK AT NC 54 NR DURHAM
Source,THIRD FORK CRK AT NC 54 NR DURHAM
Source,THIRD FORK CRK AT NC 54 NR DURHAM
Source,THIRD FORK CRK AT NC 54 NR DURHAM
Source,THIRD FORK CRK AT NC 54 NR DURHAM
Source,THIRD FORK CRK AT NC 54 NR DURHAM
Source,THIRD FORK CRK AT NC 54 NR DURHAM
Source,THIRD FORK CRK AT NC 54 NR DURHAM
Source,THIRD FORK CRK AT NC 54 NR DURHAM
Source,THIRD FORK CRK AT NC 54 NR DURHAM
Source,THIRD FORK CRK AT NC 54 NR DURHAM
Source,THIRD FORK CRK AT NC 54 NR DURHAM
Source,THIRD FORK CRK AT NC 54 NR DURHAM
Source,THIRD FORK CRK AT NC 54 NR DURHAM
Source,THIRD FORK CRK AT NC 54 NR DURHAM
Source,THIRD FORK CRK AT NC 54 NR DURHAM
Source,THIRD FORK CRK AT NC 54 NR DURHAM
Source,THIRD FORK CRK AT NC 54 NR DURHAM
Source,THIRD FORK CRK AT NC 54 NR DURHAM
Source,THIRD FORK CRK AT NC 54 NR DURHAM
Source,THIRD FORK CRK AT NC 54 NR DURHAM
Source,THIRD FORK CRK AT NC 54 NR DURHAM
Source,THIRD FORK CRK AT NC 54 NR DURHAM
Source,THIRD FORK CRK AT NC 54 NR DURHAM
Source,THIRD FORK CRK AT NC 54 NR DURHAM
Source,THIRD FORK CRK AT NC 54 NR DURHAM
Source,THIRD FORK CRK AT NC 54 NR DURHAM
Source,THIRD FORK CRK AT NC 54 NR DURHAM
Source,THIRD FORK CRK AT NC 54 NR DURHAM
Source,THIRD FORK CRK AT NC 54 NR DURHAM
Source,THIRD FORK CRK AT NC 54 NR DURHAM
Source,THIRD FORK CRK AT NC 54 NR DURHAM
Source,THIRD FORK CRK AT NC 54 NR DURHAM
Source,THIRD FORK CRK AT NC 54 NR DURHAM
Source,THIRD FORK CRK AT NC 54 NR DURHAM
Source,THIRD FORK CRK AT NC 54 NR DURHAM
Source,THIRD FORK CRK AT NC 54 NR DURHAM
Source,THIRD FORK CRK AT NC 54 NR DURHAM
Source,THIRD FORK CRK AT NC 54 NR DURHAM
Source,THIRD FORK CRK AT NC 54 NR DURHAM
Source,THIRD FORK CRK AT NC 54 NR DURHAM
Source,THIRD FORK CRK AT NC 54 NR DURHAM
Source,THIRD FORK CRK AT NC 54 NR DURHAM
WWTP,Town.of.Burgaw.Collection.System
WWTP,Town.of.Burgaw.Collection.System
WWTP,Town.of.Burgaw.Collection.System
WWTP,Town.of.Burgaw.Collection.System
WWTP,Town.of.Burgaw.Collection.System
WWTP,Town.of.Burgaw.Collection.System
WWTP,Town.of.Burgaw.Collection.System
WWTP,Town.of.Burgaw.Collection.System
WWTP,Town.of.Burgaw.Collection.System
WWTP,Town.of.Burgaw.Collection.System
WWTP,Town.of.Burgaw.Collection.System
WWTP,Town.of.Burgaw.Collection.System
WWTP,Town.of.Burgaw.Collection.System
WWTP,Town.of.Burgaw.Collection.System
WWTP,Town.of.Burgaw.Collection.System
WWTP,Town.of.Burgaw.Collection.System
WWTP,Town.of.Burgaw.Collection.System
WWTP,Town.of.Burgaw.Collection.System
WWTP,Town.of.Burgaw.Collection.System
WWTP,Town.of.Burgaw.Collection.System
WWTP,Town.of.Burgaw.Collection.System
WWTP,Town.of.Burgaw.Collection.System
WWTP,Town.of.Burgaw.Collection.System
WWTP,Town.of.Burgaw.Collection.System
WWTP,Town.of.Burgaw.Collection.System
WWTP,Town.of.Holly.Springs
WWTP,Town.of.Holly.Springs
WWTP,Town.of.Holly.Springs
WWTP,Town.of.Holly.Springs
WWTP,Town.of.Holly.Springs
WWTP,Town.of.Holly.Springs
WWTP,Town.of.Holly.Springs
WWTP,Town.of.Holly.Springs
WWTP,Town.of.Holly.Springs
WWTP,Town.of.Holly.Springs
WWTP,Town.of.Holly.Springs
WWTP,Town.of.Holly.Springs
WWTP,Town.of.Holly.Springs
WWTP,Town.of.Holly.Springs
WWTP,Town.of.Holly.Springs
WWTP,Town.of.Holly.Springs
WWTP,Town.of.Holly.Springs
WWTP,Town.of.Holly.Springs
WWTP,Town.of.Holly.Springs
WWTP,Town.of.Holly.Springs
WWTP,Town.of.Holly.Springs
WWTP,Town.of.Holly.Springs
WWTP,Town.of.Holly.Springs
WWTP,Town.of.Holly.Springs
WWTP,Town.of.Holly.Springs
WWTP,Town.of.Ramseur.WWTP
WWTP,Town.of.Ramseur.WWTP
WWTP,Town.of.Ramseur.WWTP
WWTP,Town.of.Rose.Hill.WWTP
WWTP,Town.of.Rose.Hill.WWTP
WWTP,Town.of.Rose.Hill.WWTP
WWTP,Town.of.Rose.Hill.WWTP
WWTP,Town.of.Rose.Hill.WWTP
WWTP,Town.of.Rose.Hill.WWTP
WWTP,Town.of.Rose.Hill.WWTP
WWTP,Town.of.Rose.Hill.WWTP
WWTP,Town.of.Rose.Hill.WWTP
WWTP,Town.of.Rose.Hill.WWTP
WWTP,Town.of.Rose.Hill.WWTP
WWTP,Town.of.Rose.Hill.WWTP
WWTP,Town.of.Rose.Hill.WWTP
WWTP,Town.of.Rose.Hill.WWTP
WWTP,Town.of.Rose.Hill.WWTP
WWTP,Town.of.Rose.Hill.WWTP
WWTP,Town.of.Rose.Hill.WWTP
WWTP,Town.of.Rose.Hill.WWTP
WWTP,Town.of.Rose.Hill.WWTP
WWTP,Town.of.Rose.Hill.WWTP
WWTP,Town.of.Rose.Hill.WWTP
WWTP,Town.of.Rose.Hill.WWTP
WWTP,Town.of.Rose.Hill.WWTP
WWTP,Town.of.Rose.Hill.WWTP
WWTP,Town.of.Rose.Hill.WWTP
WWTP,Town.of.Rose.Hill.WWTP
WWTP,Town.of.Rose.Hill.WWTP
WWTP,Town.of.Rose.Hill.WWTP
WWTP,Town.of.Rose.Hill.WWTP
WWTP,Town.of.Rose.Hill.WWTP
WWTP,Town.of.Rose.Hill.WWTP
WWTP,Town.of.Rose.Hill.WWTP
WWTP,Town.of.Rose.Hill.WWTP
Source,Turner Reservoir at Lacy's Creek
Source,Turner Reservoir at Lacy's Creek
Source,Turner Reservoir at Lacy's Creek
Source,Turner Reservoir at Lacy's Creek
Source,Turner Reservoir at Lacy's Creek
Source,Turner Reservoir at Lacy's Creek
Source,Turner Reservoir at Lacy's Creek
Source,Turner Reservoir at Lacy's Creek
Source,Turner Reservoir at Lacy's Creek
Source,Turner Reservoir at Lacy's Creek
Source,Turner Reservoir at Lacy's Creek
Source,Turner Reservoir at Lacy's Creek
Source,Turner Reservoir at Lacy's Creek
Source,Turner Reservoir at Lacy's Creek
Source,Turner Reservoir at Lacy's Creek
Source,Turner Reservoir at Lacy's Creek
Source,Turner Reservoir at Lacy's Creek
Source,Turner Reservoir at Lacy's Creek
Source,Turner Reservoir at Lacy's Creek
Source,Turner Reservoir at Lacy's Creek
Source,Turner Reservoir at Lacy's Creek
Source,Turner Reservoir at Lacy's Creek
Source,Turner Reservoir at Lacy's Creek
Source,Turner Reservoir at Lacy's Creek
Source,"University Lake at Dam nr Chapel Hill, NC"
Source,"University Lake at Dam nr Chapel Hill, NC"
Source,"University Lake at Dam nr Chapel Hill, NC"
Source,"University Lake at Dam nr Chapel Hill, NC"
Source,"University Lake at Dam nr Chapel Hill, NC"
Source,"University Lake at Dam nr Chapel Hill, NC"
Source,"University Lake at Dam nr Chapel Hill, NC"
Source,"University Lake at Dam nr Chapel Hill, NC"
Source,"University Lake at Dam nr Chapel Hill, NC"
Source,"University Lake at Dam nr Chapel Hill, NC"
Source,"University Lake at Dam nr Chapel Hill, NC"
Source,"University Lake at Dam nr Chapel Hill, NC"
Source,"University Lake at Dam nr Chapel Hill, NC"
Source,"University Lake at Dam nr Chapel Hill, NC"
Source,"University Lake at Dam nr Chapel Hill, NC"
Source,"University Lake at Dam nr Chapel Hill, NC"
Source,"University Lake at Dam nr Chapel Hill, NC"
Source,"University Lake at Dam nr Chapel Hill, NC"
Source,"University Lake at Dam nr Chapel Hill, NC"
Source,"University Lake at Dam nr Chapel Hill, NC"
Source,"University Lake at Dam nr Chapel Hill, NC"
Source,"University Lake at Dam nr Chapel Hill, NC"
Source,"University Lake at Dam nr Chapel Hill, NC"
WWTP,Wallace.Regional.WWTP
WWTP,Wallace.Regional.WWTP
WWTP,Wallace.Regional.WWTP
WWTP,Wallace.Regional.WWTP
WWTP,Wallace.Regional.WWTP
WWTP,Wallace.Regional.WWTP
WWTP,Wallace.Regional.WWTP
WWTP,Wallace.Regional.WWTP
WWTP,Wallace.Regional.WWTP
WWTP,Wallace.Regional.WWTP
WWTP,Wallace.Regional.WWTP
WWTP,Wallace.Regional.WWTP
WWTP,Wallace.Regional.WWTP
WWTP,Wallace.Regional.WWTP
WWTP,Wallace.Regional.WWTP
WWTP,Wallace.Regional.WWTP
WWTP,Wallace.Regional.WWTP
WWTP,Wallace.Regional.WWTP
WWTP,Wallace.Regional.WWTP
WWTP,Wallace.Regional.WWTP
WWTP,Wallace.Regional.WWTP
WWTP,Wallace.Regional.WWTP
WWTP,Wallace.Regional.WWTP
WWTP,Wallace.Regional.WWTP
WWTP,Wallace.Regional.WWTP
WWTP,Wilmington-James.A.Loughlin(Northside).WWTP
WWTP,Wilmington-James.A.Loughlin(Northside).WWTP
WWTP,Wilmington-James.A.Loughlin(Northside).WWTP
WWTP,Wilmington-James.A.Loughlin(Northside).WWTP
WWTP,Wilmington-James.A.Loughlin(Northside).WWTP
WWTP,Wilmington-James.A.Loughlin(Northside).WWTP
WWTP,Wilmington-James.A.Loughlin(Northside).WWTP
WWTP,Wilmington-James.A.Loughlin(Northside).WWTP
WWTP,Wilmington-James.A.Loughlin(Northside).WWTP
WWTP,Wilmington-James.A.Loughlin(Northside).WWTP
WWTP,Wilmington-James.A.Loughlin(Northside).WWTP
WWTP,Wilmington-James.A.Loughlin(Northside).WWTP
WWTP,Wilmington-James.A.Loughlin(Northside).WWTP
WWTP,Wilmington-James.A.Loughlin(Northside).WWTP
WWTP,Wilmington-James.A.Loughlin(Northside).WWTP
WWTP,Wilmington-James.A.Loughlin(Northside).WWTP
WWTP,Wilmington-James.A.Loughlin(Northside).WWTP
WWTP,Wilmington-James.A.Loughlin(Northside).WWTP
WWTP,Wilmington-James.A.Loughlin(Northside).WWTP
WWTP,Wilmington-James.A.Loughlin(Northside).WWTP
WWTP,Wilmington-James.A.Loughlin(Northside).WWTP
WWTP,Wilmington-James.A.Loughlin(Northside).WWTP
WWTP,Wilmington-James.A.Loughlin(Northside).WWTP
WWTP,Wilmington-James.A.Loughlin(Northside).WWTP
WWTP,Wilmington-James.A.Loughlin(Northside).WWTP
WWTP,Wilmington-James.A.Loughlin(Northside).WWTP
WWTP,Wilmington-James.A.Loughlin(Northside).WWTP
WWTP,Wilmington-James.A.Loughlin(Northside).WWTP
WWTP,Wilmington-James.A.Loughlin(Northside).WWTP
WWTP,Wilmington-James.A.Loughlin(Northside).WWTP
WWTP,Wilmington-James.A.Loughlin(Northside).WWTP
WWTP,Wilmington-James.A.Loughlin(Northside).WWTP
WWTP,Wilmington-James.A.Loughlin(Northside).WWTP
WWTP,Wilmington-James.A.Loughlin(Northside).WWTP
WWTP,Wilmington-James.A.Loughlin(Northside).WWTP
WWTP,Wilmington-James.A.Loughlin(Northside).WWTP
WWTP,Wilmington-James.A.Loughlin(Northside).WWTP
WWTP,Wilmington-James.A.Loughlin(Northside).WWTP
WWTP,Wilmington-James.A.Loughlin(Northside).WWTP
WWTP,Wilmington-James.A.Loughlin(Northside).WWTP
WWTP,Wilmington-James.A.Loughlin(Northside).WWTP
WWTP,Wilmington-James.A.Loughlin(Northside).WWTP
WWTP,Wilmington-James.A.Loughlin(Northside).WWTP
WWTP,Wilmington-James.A.Loughlin(Northside).WWTP
WWTP,Wilmington-James.A.Loughlin(Northside).WWTP
WWTP,Wilmington-James.A.Loughlin(Northside).WWTP
WWTP,Wilmington-James.A.Loughlin(Northside).WWTP
WWTP,Wilmington-M'Kean.Maffitt(Southside).WWTP
WWTP,Wilmington-M'Kean.Maffitt(Southside).WWTP
WWTP,Wilmington-M'Kean.Maffitt(Southside).WWTP
WWTP,Wilmington-M'Kean.Maffitt(Southside).WWTP
WWTP,Wilmington-M'Kean.Maffitt(Southside).WWTP
WWTP,Wilmington-M'Kean.Maffitt(Southside).WWTP
WWTP,Wilmington-M'Kean.Maffitt(Southside).WWTP
WWTP,Wilmington-M'Kean.Maffitt(Southside).WWTP
WWTP,Wilmington-M'Kean.Maffitt(Southside).WWTP
WWTP,Wilmington-M'Kean.Maffitt(Southside).WWTP
WWTP,Wilmington-M'Kean.Maffitt(Southside).WWTP
WWTP,Wilmington-M'Kean.Maffitt(Southside).WWTP
WWTP,Wilmington-M'Kean.Maffitt(Southside).WWTP
WWTP,Wilmington-M'Kean.Maffitt(Southside).WWTP
WWTP,Wilmington-M'Kean.Maffitt(Southside).WWTP
WWTP,Wilmington-M'Kean.Maffitt(Southside).WWTP
WWTP,Wilmington-M'Kean.Maffitt(Southside).WWTP
WWTP,Wilmington-M'Kean.Maffitt(Southside).WWTP
WWTP,Wilmington-M'Kean.Maffitt(Southside).WWTP
WWTP,Wilmington-M'Kean.Maffitt(Southside).WWTP
WWTP,Wilmington-M'Kean.Maffitt(Southside).WWTP
WWTP,Wilmington-M'Kean.Maffitt(Southside).WWTP
WWTP,Wilmington-M'Kean.Maffitt(Southside).WWTP
WWTP,Wilmington-M'Kean.Maffitt(Southside).WWTP
WWTP,Wilmington-M'Kean.Maffitt(Southside).WWTP
WWTP,Wilmington-M'Kean.Maffitt(Southside).WWTP
WWTP,Wilmington-M'Kean.Maffitt(Southside).WWTP
WWTP,Wilmington-M'Kean.Maffitt(Southside).WWTP
WWTP,Wilmington-M'Kean.Maffitt(Southside).WWTP
WWTP,Wilmington-M'Kean.Maffitt(Southside).WWTP
WWTP,Wilmington-M'Kean.Maffitt(Southside).WWTP
WWTP,Wilmington-M'Kean.Maffitt(Southside).WWTP
WWTP,Wilmington-M'Kean.Maffitt(Southside).WWTP
WWTP,Wilmington-M'Kean.Maffitt(Southside).WWTP
WWTP,Wilmington-M'Kean.Maffitt(Southside).WWTP
WWTP,Wilmington-M'Kean.Maffitt(Southside).WWTP
WWTP,Wilmington-M'Kean.Maffitt(Southside).WWTP
WWTP,Wilmington-M'Kean.Maffitt(Southside).WWTP
WWTP,Wilmington-M'Kean.Maffitt(Southside).WWTP
WWTP,Wilmington-M'Kean.Maffitt(Southside).WWTP
WWTP,Wilmington-M'Kean.Maffitt(Southside).WWTP
WWTP,Wilmington-M'Kean.Maffitt(Southside).WWTP
WWTP,Wilmington-M'Kean.Maffitt(Southside).WWTP
WWTP,Wilmington-M'Kean.Maffitt(Southside).WWTP
WWTP,Wilmington-M'Kean.Maffitt(Southside).WWTP
WWTP,Wilmington-M'Kean.Maffitt(Southside).WWTP
WWTP,Wilmington-M'Kean.Maffitt(Southside).WWTP
